#
# A fatal error has been detected by the Java Runtime Environment:
#
#  SIGSEGV (0xb) at pc=0x00007f4b387563be, pid=2802090, tid=2802138
#
# JRE version: OpenJDK Runtime Environment (17.0.16+8) (build 17.0.16+8)
# Java VM: OpenJDK 64-Bit Server VM (17.0.16+8, mixed mode, sharing, tiered, compressed oops, compressed class ptrs, g1 gc, linux-amd64)
# Problematic frame:
# V  [libjvm.so+0x5563be]
#
# Core dump will be written. Default location: Core dumps may be processed with "/usr/lib/systemd/systemd-coredump %P %u %g %s %t %c %h %d %F" (or dumping to /home/rafa/Documents/GitHub/revanced-research/core.2802090)
#
# If you would like to submit a bug report, please visit:
#   https://bugreport.java.com/bugreport/crash.jsp
#

---------------  S U M M A R Y ------------

Command Line: -Xmx16384M -XX:+UseG1GC -XX:MaxGCPauseMillis=200 /usr/share/java/android-apktool/apktool.jar b -f -j 14 -no-crunch /home/rafa/Documents/GitHub/revanced-research/apps/tiktok/36.5.4/smali-tests/01-canonical-url/smali-working -o /home/rafa/Documents/GitHub/revanced-research/apps/tiktok/36.5.4/smali-tests/01-canonical-url/patched-tiktok-36.5.4.apk

Host: AMD Ryzen 7 5700X3D 8-Core Processor, 16 cores, 31G, CachyOS
Time: Sun Oct 19 18:30:52 2025 CEST elapsed time: 14.466976 seconds (0d 0h 0m 14s)

---------------  T H R E A D  ---------------

Current thread (0x00007f4adc00e3f0):  GCTaskThread "GC Thread#12" [stack: 0x00007f4a92afc000,0x00007f4a92bfc000] [id=2802138]

Stack: [0x00007f4a92afc000,0x00007f4a92bfc000],  sp=0x00007f4a92bfa9c0,  free space=1018k
Native frames: (J=compiled Java code, j=interpreted, Vv=VM code, C=native code)
V  [libjvm.so+0x5563be]
V  [libjvm.so+0x56f5b7]
V  [libjvm.so+0x568e2e]
V  [libjvm.so+0x50bc51]
V  [libjvm.so+0x50c501]
V  [libjvm.so+0xde601f]
V  [libjvm.so+0xde6083]
V  [libjvm.so+0xd1fe32]
V  [libjvm.so+0xaae560]


siginfo: si_signo: 11 (SIGSEGV), si_code: 1 (SEGV_MAPERR), si_addr: 0x0000000008000000

Registers:
RAX=0x000000000000004a, RBX=0x00007f49ec00ab70, RCX=0x0000000000000000, RDX=0x0000000000000000
RSP=0x00007f4a92bfa9c0, RBP=0x00007f4a92bfaa60, RSI=0x0000000000000003, RDI=0x00007f4b30035100
R8 =0x00000004a329e440, R9 =0x0000000000000000, R10=0x0000000000000017, R11=0x00007f4a97006848
R12=0x00000004a329e38d, R13=0x0000000008000000, R14=0x00007f4b393c3bad, R15=0x00007f4b3937c330
RIP=0x00007f4b387563be, EFLAGS=0x0000000000010246, CSGSFS=0x002b000000000033, ERR=0x0000000000000004
  TRAPNO=0x000000000000000e

XMM[0]=0x0000001000135548 0x00000004a329e37b
XMM[1]=0x0000000000000000 0xab90ae7000000000
XMM[2]=0x0000000000000000 0x0000000000000000
XMM[3]=0x0000000000000000 0x0100000000000000
XMM[4]=0x6246322565664632 0x256b6f746b697446
XMM[5]=0x3225616246322573 0x6567617046322574
XMM[6]=0x6974463225747865 0x6e5f786e796c5f61
XMM[7]=0x322567732d656372 0x756f732d64727567
XMM[8]=0x632e6e64636b6f74 0x6b69742e65637275
XMM[9]=0x0000000000000000 0x0000000000000000
XMM[10]=0x3f3f3f3f3f3f3f3f 0x3f3f3f3f3f3f3f3f
XMM[11]=0x9999999999999999 0x9999999999999999
XMM[12]=0x2020202020202020 0x2020202020202020
XMM[13]=0x00007f4b3904bf37 0x00007f4b3904bec9
XMM[14]=0x00007f4b3903a7ec 0x00007f4b3904bec9
XMM[15]=0x0000000000000000 0x0000000000000000
  MXCSR=0x00001fa0


Register to memory mapping:

RAX=0x000000000000004a is an unknown value
RBX=0x00007f49ec00ab70 points into unknown readable memory: 0x00007f4b392cc118 | 18 c1 2c 39 4b 7f 00 00
RCX=0x0 is NULL
RDX=0x0 is NULL
RSP=0x00007f4a92bfa9c0 points into unknown readable memory: 0x00007f4b17683880 | 80 38 68 17 4b 7f 00 00
RBP=0x00007f4a92bfaa60 points into unknown readable memory: 0x00007f4a92bfabb0 | b0 ab bf 92 4a 7f 00 00
RSI=0x0000000000000003 is an unknown value
RDI=0x00007f4b30035100 points into unknown readable memory: 0x0000000000000000 | 00 00 00 00 00 00 00 00
R8 =0x00000004a329e440 is an oop: [B 
{0x00000004a329e440} - klass: {type array byte}
 - length: 12
R9 =0x0 is NULL
R10=0x0000000000000017 is an unknown value
R11=0x00007f4a97006848 is a pointer to class: 
R12=0x00000004a329e38d is pointing into object: [Ljava.util.HashMap$Node; 
{0x00000004a329e378} - klass: 'java/util/HashMap$Node'[]
 - length: 16
R13=0x0000000008000000 is an unknown value
R14=0x00007f4b393c3bad: <offset 0x00000000011c3bad> in /usr/lib/jvm/java-17-openjdk/lib/server/libjvm.so at 0x00007f4b38200000
R15=0x00007f4b3937c330: <offset 0x000000000117c330> in /usr/lib/jvm/java-17-openjdk/lib/server/libjvm.so at 0x00007f4b38200000


Top of Stack: (sp=0x00007f4a92bfa9c0)
0x00007f4a92bfa9c0:   00007f4b17683880 000000001c6cee49
0x00007f4a92bfa9d0:   0000004a92bfaa10 0000000479960000
0x00007f4a92bfa9e0:   00007f4b175ccb01 00007f4a97135548
0x00007f4a92bfa9f0:   00007f4adc5763b0 0000000400000004
0x00007f4a92bfaa00:   0000000000000000 0000000400000003
0x00007f4a92bfaa10:   0000004092bfaa60 00000004a329e43c
0x00007f4a92bfaa20:   0000000000000019 0000000000000100
0x00007f4a92bfaa30:   00007f4a92bfaa40 0000000479960000
0x00007f4a92bfaa40:   00007f4b175ccb01 00007f4a92bfac20
0x00007f4a92bfaa50:   00007f4b175ccb00 0000000000000044
0x00007f4a92bfaa60:   00007f4a92bfabb0 00007f4b3876f5b7
0x00007f4a92bfaa70:   00007f4adc00e6f0 00007f4adc00e7e0
0x00007f4a92bfaa80:   00007f4adc00e6b0 00007f4adc00e7e0
0x00007f4a92bfaa90:   00000000000003d8 00007f4adc00ead8
0x00007f4a92bfaaa0:   00007f4b3002ac60 00007f4adc00e6f0
0x00007f4a92bfaab0:   00000000000003cc 00000000000000f3
0x00007f4a92bfaac0:   00007f4b175ccb01 00007f4b175ccb00
0x00007f4a92bfaad0:   0000000000000044 01007f4af4ba7150
0x00007f4a92bfaae0:   0000000479960000 0000000000001100
0x00007f4a92bfaaf0:   00007f49ec00ab70 00000000003cca80
0x00007f4a92bfab00:   000000035e3b6a59 0000000000000000
0x00007f4a92bfab10:   00007f4b30041dd0 0000000000000798
0x00007f4a92bfab20:   00007f4b175cca80 0000000000000080
0x00007f4a92bfab30:   00007f4b392cc2b0 0000000000000000
0x00007f4a92bfab40:   00007f4b3002ac60 00007f49ec00ab70
0x00007f4a92bfab50:   0000000000000000 0000000000000000
0x00007f4a92bfab60:   00007f4a92000000 00007f4b38f31993
0x00007f4a92bfab70:   00000000002d5daf 00007f4a92bfabf0
0x00007f4a92bfab80:   00007f4a92bfabb0 00007f4b3004a010
0x00007f4a92bfab90:   00007f4b3002ac60 00000000000000f8
0x00007f4a92bfaba0:   00000000000000e5 00007f4b393c4f40
0x00007f4a92bfabb0:   00007f4a92bfacf0 00007f4b38768e2e 

Instructions: (pc=0x00007f4b387563be)
0x00007f4b387562be:   e2 f1 f7 c0 48 8b 8b 90 01 00 00 48 03 02 48 8b
0x00007f4b387562ce:   b1 a0 05 00 00 8b 91 b0 05 00 00 c4 e2 eb f7 d0
0x00007f4b387562de:   48 8d 3c 56 0f b6 77 01 40 84 f6 78 95 42 0f 18
0x00007f4b387562ee:   0c 30 ba 10 00 00 00 0f 18 0c 10 48 8b 83 98 01
0x00007f4b387562fe:   00 00 49 8d 4c 24 01 4c 8b 78 10 41 8b 87 80 00
0x00007f4b3875630e:   00 00 41 8b b7 00 01 00 00 89 c2 29 f2 81 e2 ff
0x00007f4b3875631e:   ff 01 00 81 fa fd ff 01 00 0f 86 9f 0e 00 00 49
0x00007f4b3875632e:   8b 87 a0 02 00 00 49 3b 87 88 02 00 00 0f 84 ee
0x00007f4b3875633e:   14 00 00 48 8d 34 c5 00 00 00 00 48 83 c0 01 49
0x00007f4b3875634e:   8b 97 b8 02 00 00 48 89 0c 32 49 89 87 a0 02 00
0x00007f4b3875635e:   00 e9 3a ff ff ff 0f 1f 40 00 4c 8d 3d c1 5f c2
0x00007f4b3875636e:   00 48 8b 53 08 45 8b 6c 24 ff 49 8b 0f 41 8b 77
0x00007f4b3875637e:   08 8b 82 b0 05 00 00 48 8b 92 a0 05 00 00 c4 42
0x00007f4b3875638e:   c9 f7 ed 49 01 cd c4 c2 fb f7 c5 48 8d 04 42 48
0x00007f4b3875639e:   0f be 50 01 44 0f b6 08 0f b7 85 74 ff ff ff 88
0x00007f4b387563ae:   d4 66 89 85 74 ff ff ff 84 d2 0f 88 c2 f5 ff ff
0x00007f4b387563be:   4d 8b 45 00 49 8d 44 24 ff 48 89 45 b8 4c 89 c0
0x00007f4b387563ce:   48 f7 d0 a8 03 0f 85 eb 04 00 00 48 8d 05 7c eb
0x00007f4b387563de:   c6 00 49 83 e0 fc 4c 89 c2 48 29 ca c4 e2 cb f7
0x00007f4b387563ee:   d2 48 8b 75 b8 41 89 54 24 ff 8b 00 48 89 f2 4c
0x00007f4b387563fe:   31 c2 c4 e2 fb f7 c2 48 85 c0 0f 84 72 f5 ff ff
0x00007f4b3875640e:   48 8b 43 08 8b 90 c0 01 00 00 48 8b 88 b0 01 00
0x00007f4b3875641e:   00 c4 e2 eb f7 d6 48 8b 14 d1 8b 92 bc 00 00 00
0x00007f4b3875642e:   83 e2 02 0f 85 49 f5 ff ff 8b 90 b0 05 00 00 48
0x00007f4b3875643e:   8b 80 a0 05 00 00 c4 42 eb f7 c0 42 80 3c 40 00
0x00007f4b3875644e:   0f 84 2c f5 ff ff 48 8b 43 60 e9 f3 f4 ff ff 0f
0x00007f4b3875645e:   1f 00 49 8d bf 80 02 00 00 48 89 4d b8 e8 40 70
0x00007f4b3875646e:   fb ff 48 8b 4d b8 b8 01 00 00 00 31 d2 e9 3a f0
0x00007f4b3875647e:   ff ff 49 89 04 24 41 8b 47 08 85 c0 0f 88 72 f7
0x00007f4b3875648e:   ff ff 48 8d 15 51 bb c8 00 0f b6 45 c9 4c 39 3a
0x00007f4b3875649e:   75 0f 0f b7 4d b2 0f be d5 84 d2 0f 84 ee 09 00
0x00007f4b387564ae:   00 84 c0 4c 89 45 a8 49 8d bb 80 01 00 00 4c 89 


Stack slot to memory mapping:
stack at sp + 0 slots: 0x00007f4b17683880 points into unknown readable memory: 0xffffffffffffffff | ff ff ff ff ff ff ff ff
stack at sp + 1 slots: 0x000000001c6cee49 is an unknown value
stack at sp + 2 slots: 0x0000004a92bfaa10 is an unknown value
stack at sp + 3 slots: 0x0000000479960000 is pointing into object: [Ljava.util.concurrent.ConcurrentHashMap$Node; 
{0x0000000479957a60} - klass: 'java/util/concurrent/ConcurrentHashMap$Node'[]
 - length: 16384
stack at sp + 4 slots: 0x00007f4b175ccb01 points into unknown readable memory: 00 00 00 00 00 00 00
stack at sp + 5 slots: 0x00007f4a97135548 is a pointer to class: 
stack at sp + 6 slots: 0x00007f4adc5763b0 points into unknown readable memory: 0x000000055c800000 | 00 00 80 5c 05 00 00 00
stack at sp + 7 slots: 0x0000000400000004 is pointing into object: [B 
{0x0000000400000000} - klass: {type array byte}
 - length: 135


---------------  P R O C E S S  ---------------

Threads class SMR info:
_java_thread_list=0x00007f4a5c289060, length=27, elements={
0x00007f4b300185d0, 0x00007f4b30154df0, 0x00007f4b301561e0, 0x00007f4b3015c810,
0x00007f4b3015dbd0, 0x00007f4b3015eff0, 0x00007f4b30160a30, 0x00007f4b30169f60,
0x00007f4b3016b3e0, 0x00007f4b301729f0, 0x00007f4b301763e0, 0x00007f4b30227b90,
0x00007f4b30228a90, 0x00007f4b30229ae0, 0x00007f4b3022ab80, 0x00007f4b3022bc20,
0x00007f4b3022ccd0, 0x00007f4b3022dd80, 0x00007f4b3022ee40, 0x00007f4b3022ff00,
0x00007f4b30230f00, 0x00007f4b30231f00, 0x00007f4b302333d0, 0x00007f4b302348a0,
0x00007f4b3036aa80, 0x00007f4b3036c020, 0x00007f4b3036d180
}

Java Threads: ( => current thread )
  0x00007f4b300185d0 JavaThread "main" [_thread_blocked, id=2802092, stack(0x00007f4b38100000,0x00007f4b38200000)]
  0x00007f4b30154df0 JavaThread "Reference Handler" daemon [_thread_blocked, id=2802099, stack(0x00007f4af49a8000,0x00007f4af4aa8000)]
  0x00007f4b301561e0 JavaThread "Finalizer" daemon [_thread_blocked, id=2802100, stack(0x00007f4af48a7000,0x00007f4af49a7000)]
  0x00007f4b3015c810 JavaThread "Signal Dispatcher" daemon [_thread_blocked, id=2802101, stack(0x00007f4af47a6000,0x00007f4af48a6000)]
  0x00007f4b3015dbd0 JavaThread "Service Thread" daemon [_thread_blocked, id=2802102, stack(0x00007f4af4100000,0x00007f4af4200000)]
  0x00007f4b3015eff0 JavaThread "Monitor Deflation Thread" daemon [_thread_blocked, id=2802103, stack(0x00007f4ae5f00000,0x00007f4ae6000000)]
  0x00007f4b30160a30 JavaThread "C2 CompilerThread0" daemon [_thread_blocked, id=2802104, stack(0x00007f4ae5dff000,0x00007f4ae5eff000)]
  0x00007f4b30169f60 JavaThread "C1 CompilerThread0" daemon [_thread_blocked, id=2802105, stack(0x00007f4ae5cfe000,0x00007f4ae5dfe000)]
  0x00007f4b3016b3e0 JavaThread "Sweeper thread" daemon [_thread_blocked, id=2802106, stack(0x00007f4ae5bfd000,0x00007f4ae5cfd000)]
  0x00007f4b301729f0 JavaThread "Notification Thread" daemon [_thread_blocked, id=2802107, stack(0x00007f4ae5afc000,0x00007f4ae5bfc000)]
  0x00007f4b301763e0 JavaThread "Common-Cleaner" daemon [_thread_blocked, id=2802109, stack(0x00007f4ae58fa000,0x00007f4ae59fa000)]
  0x00007f4b30227b90 JavaThread "pool-1-thread-1" [_thread_blocked, id=2802113, stack(0x00007f4ae54f6000,0x00007f4ae55f6000)]
  0x00007f4b30228a90 JavaThread "pool-1-thread-2" [_thread_blocked, id=2802114, stack(0x00007f4ae53f5000,0x00007f4ae54f5000)]
  0x00007f4b30229ae0 JavaThread "pool-1-thread-3" [_thread_blocked, id=2802115, stack(0x00007f4ae52f4000,0x00007f4ae53f4000)]
  0x00007f4b3022ab80 JavaThread "pool-1-thread-4" [_thread_blocked, id=2802116, stack(0x00007f4ae51f3000,0x00007f4ae52f3000)]
  0x00007f4b3022bc20 JavaThread "pool-1-thread-5" [_thread_blocked, id=2802117, stack(0x00007f4ae50f2000,0x00007f4ae51f2000)]
  0x00007f4b3022ccd0 JavaThread "pool-1-thread-6" [_thread_blocked, id=2802118, stack(0x00007f4ae4ff1000,0x00007f4ae50f1000)]
  0x00007f4b3022dd80 JavaThread "pool-1-thread-7" [_thread_blocked, id=2802119, stack(0x00007f4ae4ef0000,0x00007f4ae4ff0000)]
  0x00007f4b3022ee40 JavaThread "pool-1-thread-8" [_thread_blocked, id=2802120, stack(0x00007f4ae4def000,0x00007f4ae4eef000)]
  0x00007f4b3022ff00 JavaThread "pool-1-thread-9" [_thread_blocked, id=2802121, stack(0x00007f4ae4cee000,0x00007f4ae4dee000)]
  0x00007f4b30230f00 JavaThread "pool-1-thread-10" [_thread_blocked, id=2802122, stack(0x00007f4ae4bed000,0x00007f4ae4ced000)]
  0x00007f4b30231f00 JavaThread "pool-1-thread-11" [_thread_blocked, id=2802123, stack(0x00007f4ae4aec000,0x00007f4ae4bec000)]
  0x00007f4b302333d0 JavaThread "pool-1-thread-12" [_thread_blocked, id=2802124, stack(0x00007f4ae49eb000,0x00007f4ae4aeb000)]
  0x00007f4b302348a0 JavaThread "pool-1-thread-13" [_thread_blocked, id=2802125, stack(0x00007f4ae48ea000,0x00007f4ae49ea000)]
  0x00007f4b3036aa80 JavaThread "process reaper (pid 2802147)" daemon [_thread_in_native, id=2802148, stack(0x00007f4b36e0d000,0x00007f4b36e2f000)]
  0x00007f4b3036c020 JavaThread "Thread-0" [_thread_in_native, id=2802149, stack(0x00007f4a921f3000,0x00007f4a922f3000)]
  0x00007f4b3036d180 JavaThread "Thread-1" [_thread_in_native, id=2802150, stack(0x00007f4a920f2000,0x00007f4a921f2000)]

Other Threads:
  0x00007f4b30150fa0 VMThread "VM Thread" [stack: 0x00007f4af4aa9000,0x00007f4af4ba9000] [id=2802098]
  0x00007f4b30174340 WatcherThread [stack: 0x00007f4ae59fb000,0x00007f4ae5afb000] [id=2802108]
  0x00007f4b3004a150 GCTaskThread "GC Thread#0" [stack: 0x00007f4b34d00000,0x00007f4b34e00000] [id=2802093]
  0x00007f4adc0068a0 GCTaskThread "GC Thread#1" [stack: 0x00007f4ae46e8000,0x00007f4ae47e8000] [id=2802127]
  0x00007f4adc007300 GCTaskThread "GC Thread#2" [stack: 0x00007f4ae45e7000,0x00007f4ae46e7000] [id=2802128]
  0x00007f4adc007d60 GCTaskThread "GC Thread#3" [stack: 0x00007f4ae44e6000,0x00007f4ae45e6000] [id=2802129]
  0x00007f4adc0087c0 GCTaskThread "GC Thread#4" [stack: 0x00007f4ae43e5000,0x00007f4ae44e5000] [id=2802130]
  0x00007f4adc009220 GCTaskThread "GC Thread#5" [stack: 0x00007f4ae42e4000,0x00007f4ae43e4000] [id=2802131]
  0x00007f4adc009cb0 GCTaskThread "GC Thread#6" [stack: 0x00007f4ae41e3000,0x00007f4ae42e3000] [id=2802132]
  0x00007f4adc00a740 GCTaskThread "GC Thread#7" [stack: 0x00007f4ae40e2000,0x00007f4ae41e2000] [id=2802133]
  0x00007f4adc00b1d0 GCTaskThread "GC Thread#8" [stack: 0x00007f4a92f00000,0x00007f4a93000000] [id=2802134]
  0x00007f4adc00bc60 GCTaskThread "GC Thread#9" [stack: 0x00007f4a92dff000,0x00007f4a92eff000] [id=2802135]
  0x00007f4adc00c6f0 GCTaskThread "GC Thread#10" [stack: 0x00007f4a92cfe000,0x00007f4a92dfe000] [id=2802136]
  0x00007f4adc00d570 GCTaskThread "GC Thread#11" [stack: 0x00007f4a92bfd000,0x00007f4a92cfd000] [id=2802137]
=>0x00007f4adc00e3f0 GCTaskThread "GC Thread#12" [stack: 0x00007f4a92afc000,0x00007f4a92bfc000] [id=2802138]
  0x00007f4b3005b790 ConcurrentGCThread "G1 Main Marker" [stack: 0x00007f4b34bff000,0x00007f4b34cff000] [id=2802094]
  0x00007f4b3005c710 ConcurrentGCThread "G1 Conc#0" [stack: 0x00007f4b34afe000,0x00007f4b34bfe000] [id=2802095]
  0x00007f4b3011d7d0 ConcurrentGCThread "G1 Refine#0" [stack: 0x00007f4af4dfd000,0x00007f4af4efd000] [id=2802096]
  0x00007f4ae0001b10 ConcurrentGCThread "G1 Refine#1" [stack: 0x00007f4a929fb000,0x00007f4a92afb000] [id=2802139]
  0x00007f49f0000e70 ConcurrentGCThread "G1 Refine#2" [stack: 0x00007f4a928fa000,0x00007f4a929fa000] [id=2802140]
  0x00007f49e4000e70 ConcurrentGCThread "G1 Refine#3" [stack: 0x00007f4a91dec000,0x00007f4a91eec000] [id=2802152]
  0x00007f49bc000e70 ConcurrentGCThread "G1 Refine#4" [stack: 0x00007f4a91ceb000,0x00007f4a91deb000] [id=2802153]
  0x00007f49c0000e70 ConcurrentGCThread "G1 Refine#5" [stack: 0x00007f4a91bea000,0x00007f4a91cea000] [id=2802154]
  0x00007f49b4000e70 ConcurrentGCThread "G1 Refine#6" [stack: 0x00007f4a91ff1000,0x00007f4a920f1000] [id=2802166]
  0x00007f49b8000e70 ConcurrentGCThread "G1 Refine#7" [stack: 0x00007f4a924f6000,0x00007f4a925f6000] [id=2802199]
  0x00007f49d40015a0 ConcurrentGCThread "G1 Refine#8" [stack: 0x00007f4a927f9000,0x00007f4a928f9000] [id=2802200]
  0x00007f49e8001550 ConcurrentGCThread "G1 Refine#9" [stack: 0x00007f4ae55f7000,0x00007f4ae56f7000] [id=2802201]
  0x00007f4a545338c0 ConcurrentGCThread "G1 Refine#10" [stack: 0x00007f4a926f8000,0x00007f4a927f8000] [id=2802202]
  0x00007f49dc44d2d0 ConcurrentGCThread "G1 Refine#11" [stack: 0x00007f4ae47e9000,0x00007f4ae48e9000] [id=2802207]
  0x00007f4a1c0745d0 ConcurrentGCThread "G1 Refine#12" [stack: 0x00007f4ae56f8000,0x00007f4ae57f8000] [id=2802209]
  0x00007f4b3011e6e0 ConcurrentGCThread "G1 Service" [stack: 0x00007f4af4cfc000,0x00007f4af4dfc000] [id=2802097]

Threads with active compile tasks:

VM state: at safepoint (normal execution)

VM Mutex/Monitor currently owned by a thread:  ([mutex/lock_event])
[0x00007f4b300156f0] Threads_lock - owner thread: 0x00007f4b30150fa0
[0x00007f4b30015ea0] Heap_lock - owner thread: 0x00007f4b3022bc20

Heap address: 0x0000000400000000, size: 16384 MB, Compressed Oops mode: Zero based, Oop shift amount: 3

CDS archive(s) mapped at: [0x00007f4a97000000-0x00007f4a97bc7000-0x00007f4a97bc7000), size 12349440, SharedBaseAddress: 0x00007f4a97000000, ArchiveRelocationMode: 1.
Compressed class space mapped at: 0x00007f4a98000000-0x00007f4ad8000000, reserved size: 1073741824
Narrow klass base: 0x00007f4a97000000, Narrow klass shift: 0, Narrow klass range: 0x100000000

GC Precious Log:
 CPUs: 16 total, 16 available
 Memory: 32013M
 Large Page Support: Disabled
 NUMA Support: Disabled
 Compressed Oops: Enabled (Zero based)
 Heap Region Size: 8M
 Heap Min Capacity: 8M
 Heap Initial Capacity: 504M
 Heap Max Capacity: 16G
 Pre-touch: Disabled
 Parallel Workers: 13
 Concurrent Workers: 3
 Concurrent Refinement Workers: 13
 Periodic GC: Disabled

Heap:
 garbage-first heap   total 12804096K, used 8935954K [0x0000000400000000, 0x0000000800000000)
  region size 8192K, 688 young (5636096K), 10 survivors (81920K)
 Metaspace       used 8260K, committed 8448K, reserved 1114112K
  class space    used 889K, committed 960K, reserved 1048576K

Heap Regions: E=young(eden), S=young(survivor), O=old, HS=humongous(starts), HC=humongous(continues), CS=collection set, F=free, OA=open archive, CA=closed archive, TAMS=top-at-mark-start (previous, next)
|   0|0x0000000400000000, 0x0000000400800000, 0x0000000400800000|100%| O|  |TAMS 0x0000000400000000, 0x0000000400000000| Untracked 
|   1|0x0000000400800000, 0x0000000401000000, 0x0000000401000000|100%| O|  |TAMS 0x0000000400800000, 0x0000000400800000| Untracked 
|   2|0x0000000401000000, 0x0000000401800000, 0x0000000401800000|100%| O|  |TAMS 0x0000000401000000, 0x0000000401000000| Untracked 
|   3|0x0000000401800000, 0x0000000402000000, 0x0000000402000000|100%| O|  |TAMS 0x0000000401800000, 0x0000000401800000| Untracked 
|   4|0x0000000402000000, 0x0000000402800000, 0x0000000402800000|100%| O|  |TAMS 0x0000000402000000, 0x0000000402000000| Untracked 
|   5|0x0000000402800000, 0x0000000403000000, 0x0000000403000000|100%| O|  |TAMS 0x0000000402800000, 0x0000000402800000| Untracked 
|   6|0x0000000403000000, 0x0000000403800000, 0x0000000403800000|100%| O|  |TAMS 0x0000000403000000, 0x0000000403000000| Untracked 
|   7|0x0000000403800000, 0x0000000404000000, 0x0000000404000000|100%| O|  |TAMS 0x0000000403800000, 0x0000000403800000| Untracked 
|   8|0x0000000404000000, 0x0000000404800000, 0x0000000404800000|100%| O|  |TAMS 0x0000000404000000, 0x0000000404000000| Untracked 
|   9|0x0000000404800000, 0x0000000405000000, 0x0000000405000000|100%| O|  |TAMS 0x0000000404800000, 0x0000000404800000| Untracked 
|  10|0x0000000405000000, 0x0000000405800000, 0x0000000405800000|100%| O|  |TAMS 0x0000000405000000, 0x0000000405000000| Untracked 
|  11|0x0000000405800000, 0x0000000406000000, 0x0000000406000000|100%| O|  |TAMS 0x0000000405800000, 0x0000000405800000| Untracked 
|  12|0x0000000406000000, 0x0000000406800000, 0x0000000406800000|100%| O|  |TAMS 0x0000000406000000, 0x0000000406000000| Untracked 
|  13|0x0000000406800000, 0x0000000407000000, 0x0000000407000000|100%| O|  |TAMS 0x0000000406800000, 0x0000000406800000| Untracked 
|  14|0x0000000407000000, 0x0000000407800000, 0x0000000407800000|100%| O|  |TAMS 0x0000000407000000, 0x0000000407000000| Untracked 
|  15|0x0000000407800000, 0x0000000408000000, 0x0000000408000000|100%| O|  |TAMS 0x0000000407800000, 0x0000000407800000| Untracked 
|  16|0x0000000408000000, 0x0000000408800000, 0x0000000408800000|100%| O|  |TAMS 0x0000000408000000, 0x0000000408000000| Untracked 
|  17|0x0000000408800000, 0x0000000409000000, 0x0000000409000000|100%| O|  |TAMS 0x0000000408800000, 0x0000000408800000| Untracked 
|  18|0x0000000409000000, 0x0000000409800000, 0x0000000409800000|100%| O|  |TAMS 0x0000000409000000, 0x0000000409000000| Untracked 
|  19|0x0000000409800000, 0x000000040a000000, 0x000000040a000000|100%| O|  |TAMS 0x0000000409800000, 0x0000000409800000| Untracked 
|  20|0x000000040a000000, 0x000000040a800000, 0x000000040a800000|100%| O|  |TAMS 0x000000040a000000, 0x000000040a000000| Untracked 
|  21|0x000000040a800000, 0x000000040b000000, 0x000000040b000000|100%| O|  |TAMS 0x000000040a800000, 0x000000040a800000| Untracked 
|  22|0x000000040b000000, 0x000000040b800000, 0x000000040b800000|100%| O|  |TAMS 0x000000040b000000, 0x000000040b000000| Untracked 
|  23|0x000000040b800000, 0x000000040c000000, 0x000000040c000000|100%| O|  |TAMS 0x000000040b800000, 0x000000040b800000| Untracked 
|  24|0x000000040c000000, 0x000000040c800000, 0x000000040c800000|100%| O|  |TAMS 0x000000040c000000, 0x000000040c000000| Untracked 
|  25|0x000000040c800000, 0x000000040d000000, 0x000000040d000000|100%| O|  |TAMS 0x000000040c800000, 0x000000040c800000| Untracked 
|  26|0x000000040d000000, 0x000000040d800000, 0x000000040d800000|100%| O|  |TAMS 0x000000040d000000, 0x000000040d000000| Untracked 
|  27|0x000000040d800000, 0x000000040e000000, 0x000000040e000000|100%| O|  |TAMS 0x000000040d800000, 0x000000040d800000| Untracked 
|  28|0x000000040e000000, 0x000000040e800000, 0x000000040e800000|100%| O|  |TAMS 0x000000040e000000, 0x000000040e000000| Untracked 
|  29|0x000000040e800000, 0x000000040f000000, 0x000000040f000000|100%| O|  |TAMS 0x000000040e800000, 0x000000040e800000| Untracked 
|  30|0x000000040f000000, 0x000000040f800000, 0x000000040f800000|100%| O|  |TAMS 0x000000040f000000, 0x000000040f000000| Untracked 
|  31|0x000000040f800000, 0x0000000410000000, 0x0000000410000000|100%| O|  |TAMS 0x000000040f800000, 0x000000040f800000| Untracked 
|  32|0x0000000410000000, 0x0000000410800000, 0x0000000410800000|100%| O|  |TAMS 0x0000000410000000, 0x0000000410000000| Untracked 
|  33|0x0000000410800000, 0x0000000411000000, 0x0000000411000000|100%| O|  |TAMS 0x0000000410800000, 0x0000000410800000| Untracked 
|  34|0x0000000411000000, 0x0000000411800000, 0x0000000411800000|100%| O|  |TAMS 0x0000000411000000, 0x0000000411000000| Untracked 
|  35|0x0000000411800000, 0x0000000412000000, 0x0000000412000000|100%| O|  |TAMS 0x0000000411800000, 0x0000000411800000| Untracked 
|  36|0x0000000412000000, 0x0000000412800000, 0x0000000412800000|100%| O|  |TAMS 0x0000000412000000, 0x0000000412000000| Untracked 
|  37|0x0000000412800000, 0x0000000413000000, 0x0000000413000000|100%| O|  |TAMS 0x0000000412800000, 0x0000000412800000| Untracked 
|  38|0x0000000413000000, 0x0000000413800000, 0x0000000413800000|100%| O|  |TAMS 0x0000000413000000, 0x0000000413000000| Untracked 
|  39|0x0000000413800000, 0x0000000414000000, 0x0000000414000000|100%| O|  |TAMS 0x0000000413800000, 0x0000000413800000| Untracked 
|  40|0x0000000414000000, 0x0000000414800000, 0x0000000414800000|100%| O|  |TAMS 0x0000000414000000, 0x0000000414000000| Untracked 
|  41|0x0000000414800000, 0x0000000415000000, 0x0000000415000000|100%| O|  |TAMS 0x0000000414800000, 0x0000000414800000| Untracked 
|  42|0x0000000415000000, 0x0000000415800000, 0x0000000415800000|100%| O|  |TAMS 0x0000000415000000, 0x0000000415000000| Untracked 
|  43|0x0000000415800000, 0x0000000416000000, 0x0000000416000000|100%| O|  |TAMS 0x0000000415800000, 0x0000000415800000| Untracked 
|  44|0x0000000416000000, 0x0000000416800000, 0x0000000416800000|100%| O|  |TAMS 0x0000000416000000, 0x0000000416000000| Untracked 
|  45|0x0000000416800000, 0x0000000417000000, 0x0000000417000000|100%| O|  |TAMS 0x0000000416800000, 0x0000000416800000| Untracked 
|  46|0x0000000417000000, 0x0000000417800000, 0x0000000417800000|100%| O|  |TAMS 0x0000000417000000, 0x0000000417000000| Untracked 
|  47|0x0000000417800000, 0x0000000418000000, 0x0000000418000000|100%| O|  |TAMS 0x0000000417800000, 0x0000000417800000| Untracked 
|  48|0x0000000418000000, 0x0000000418800000, 0x0000000418800000|100%| O|  |TAMS 0x0000000418000000, 0x0000000418000000| Untracked 
|  49|0x0000000418800000, 0x0000000419000000, 0x0000000419000000|100%| O|  |TAMS 0x0000000418800000, 0x0000000418800000| Untracked 
|  50|0x0000000419000000, 0x0000000419800000, 0x0000000419800000|100%| O|  |TAMS 0x0000000419000000, 0x0000000419000000| Untracked 
|  51|0x0000000419800000, 0x000000041a000000, 0x000000041a000000|100%| O|  |TAMS 0x0000000419800000, 0x0000000419800000| Untracked 
|  52|0x000000041a000000, 0x000000041a800000, 0x000000041a800000|100%| O|  |TAMS 0x000000041a000000, 0x000000041a000000| Untracked 
|  53|0x000000041a800000, 0x000000041b000000, 0x000000041b000000|100%| O|  |TAMS 0x000000041a800000, 0x000000041a800000| Untracked 
|  54|0x000000041b000000, 0x000000041b800000, 0x000000041b800000|100%| O|  |TAMS 0x000000041b000000, 0x000000041b000000| Untracked 
|  55|0x000000041b800000, 0x000000041c000000, 0x000000041c000000|100%|HS|  |TAMS 0x000000041b800000, 0x000000041b800000| Complete 
|  56|0x000000041c000000, 0x000000041c800000, 0x000000041c800000|100%|HS|  |TAMS 0x000000041c000000, 0x000000041c000000| Complete 
|  57|0x000000041c800000, 0x000000041d000000, 0x000000041d000000|100%| O|  |TAMS 0x000000041c800000, 0x000000041c800000| Untracked 
|  58|0x000000041d000000, 0x000000041d800000, 0x000000041d800000|100%| O|  |TAMS 0x000000041d000000, 0x000000041d000000| Untracked 
|  59|0x000000041d800000, 0x000000041e000000, 0x000000041e000000|100%| O|  |TAMS 0x000000041d800000, 0x000000041d800000| Untracked 
|  60|0x000000041e000000, 0x000000041e800000, 0x000000041e800000|100%| O|  |TAMS 0x000000041e000000, 0x000000041e000000| Untracked 
|  61|0x000000041e800000, 0x000000041f000000, 0x000000041f000000|100%| O|  |TAMS 0x000000041e800000, 0x000000041e800000| Untracked 
|  62|0x000000041f000000, 0x000000041f800000, 0x000000041f800000|100%| O|  |TAMS 0x000000041f000000, 0x000000041f000000| Untracked 
|  63|0x000000041f800000, 0x0000000420000000, 0x0000000420000000|100%| O|  |TAMS 0x000000041f800000, 0x000000041f800000| Untracked 
|  64|0x0000000420000000, 0x0000000420800000, 0x0000000420800000|100%| O|  |TAMS 0x0000000420000000, 0x0000000420000000| Untracked 
|  65|0x0000000420800000, 0x0000000421000000, 0x0000000421000000|100%| O|  |TAMS 0x0000000420800000, 0x0000000420800000| Untracked 
|  66|0x0000000421000000, 0x0000000421800000, 0x0000000421800000|100%| O|  |TAMS 0x0000000421000000, 0x0000000421000000| Untracked 
|  67|0x0000000421800000, 0x0000000422000000, 0x0000000422000000|100%| O|  |TAMS 0x0000000421800000, 0x0000000421800000| Untracked 
|  68|0x0000000422000000, 0x0000000422800000, 0x0000000422800000|100%| O|  |TAMS 0x0000000422000000, 0x0000000422000000| Untracked 
|  69|0x0000000422800000, 0x0000000423000000, 0x0000000423000000|100%| O|  |TAMS 0x0000000422800000, 0x0000000422800000| Untracked 
|  70|0x0000000423000000, 0x0000000423800000, 0x0000000423800000|100%| O|  |TAMS 0x0000000423000000, 0x0000000423000000| Untracked 
|  71|0x0000000423800000, 0x0000000424000000, 0x0000000424000000|100%| O|  |TAMS 0x0000000423800000, 0x0000000423800000| Untracked 
|  72|0x0000000424000000, 0x0000000424800000, 0x0000000424800000|100%| O|  |TAMS 0x0000000424000000, 0x0000000424000000| Untracked 
|  73|0x0000000424800000, 0x0000000425000000, 0x0000000425000000|100%| O|  |TAMS 0x0000000424800000, 0x0000000424800000| Untracked 
|  74|0x0000000425000000, 0x0000000425800000, 0x0000000425800000|100%| O|  |TAMS 0x0000000425000000, 0x0000000425000000| Untracked 
|  75|0x0000000425800000, 0x0000000426000000, 0x0000000426000000|100%| O|  |TAMS 0x0000000425800000, 0x0000000425800000| Untracked 
|  76|0x0000000426000000, 0x0000000426800000, 0x0000000426800000|100%| O|  |TAMS 0x0000000426000000, 0x0000000426000000| Untracked 
|  77|0x0000000426800000, 0x0000000427000000, 0x0000000427000000|100%| O|  |TAMS 0x0000000426800000, 0x0000000426800000| Untracked 
|  78|0x0000000427000000, 0x0000000427800000, 0x0000000427800000|100%| O|  |TAMS 0x0000000427000000, 0x0000000427000000| Untracked 
|  79|0x0000000427800000, 0x0000000428000000, 0x0000000428000000|100%| O|  |TAMS 0x0000000427800000, 0x0000000427800000| Untracked 
|  80|0x0000000428000000, 0x0000000428800000, 0x0000000428800000|100%| O|  |TAMS 0x0000000428000000, 0x0000000428000000| Untracked 
|  81|0x0000000428800000, 0x0000000429000000, 0x0000000429000000|100%| O|  |TAMS 0x0000000428800000, 0x0000000428800000| Untracked 
|  82|0x0000000429000000, 0x0000000429800000, 0x0000000429800000|100%| O|  |TAMS 0x0000000429000000, 0x0000000429000000| Untracked 
|  83|0x0000000429800000, 0x000000042a000000, 0x000000042a000000|100%| O|  |TAMS 0x0000000429800000, 0x0000000429800000| Untracked 
|  84|0x000000042a000000, 0x000000042a800000, 0x000000042a800000|100%| O|  |TAMS 0x000000042a000000, 0x000000042a000000| Untracked 
|  85|0x000000042a800000, 0x000000042b000000, 0x000000042b000000|100%| O|  |TAMS 0x000000042a800000, 0x000000042a800000| Untracked 
|  86|0x000000042b000000, 0x000000042b800000, 0x000000042b800000|100%| O|  |TAMS 0x000000042b000000, 0x000000042b000000| Untracked 
|  87|0x000000042b800000, 0x000000042c000000, 0x000000042c000000|100%| O|  |TAMS 0x000000042b800000, 0x000000042b800000| Untracked 
|  88|0x000000042c000000, 0x000000042c800000, 0x000000042c800000|100%| O|  |TAMS 0x000000042c000000, 0x000000042c000000| Untracked 
|  89|0x000000042c800000, 0x000000042d000000, 0x000000042d000000|100%| O|  |TAMS 0x000000042c800000, 0x000000042c800000| Untracked 
|  90|0x000000042d000000, 0x000000042d800000, 0x000000042d800000|100%| O|  |TAMS 0x000000042d000000, 0x000000042d000000| Untracked 
|  91|0x000000042d800000, 0x000000042e000000, 0x000000042e000000|100%| O|  |TAMS 0x000000042d800000, 0x000000042d800000| Untracked 
|  92|0x000000042e000000, 0x000000042e800000, 0x000000042e800000|100%| O|  |TAMS 0x000000042e000000, 0x000000042e000000| Untracked 
|  93|0x000000042e800000, 0x000000042f000000, 0x000000042f000000|100%| O|  |TAMS 0x000000042e800000, 0x000000042e800000| Untracked 
|  94|0x000000042f000000, 0x000000042f800000, 0x000000042f800000|100%| O|  |TAMS 0x000000042f000000, 0x000000042f000000| Untracked 
|  95|0x000000042f800000, 0x0000000430000000, 0x0000000430000000|100%| O|  |TAMS 0x000000042f800000, 0x000000042f800000| Untracked 
|  96|0x0000000430000000, 0x0000000430800000, 0x0000000430800000|100%| O|  |TAMS 0x0000000430000000, 0x0000000430000000| Untracked 
|  97|0x0000000430800000, 0x0000000431000000, 0x0000000431000000|100%| O|  |TAMS 0x0000000430800000, 0x0000000430800000| Untracked 
|  98|0x0000000431000000, 0x0000000431800000, 0x0000000431800000|100%| O|  |TAMS 0x0000000431000000, 0x0000000431000000| Untracked 
|  99|0x0000000431800000, 0x0000000432000000, 0x0000000432000000|100%| O|  |TAMS 0x0000000431800000, 0x0000000431800000| Untracked 
| 100|0x0000000432000000, 0x0000000432800000, 0x0000000432800000|100%| O|  |TAMS 0x0000000432000000, 0x0000000432000000| Untracked 
| 101|0x0000000432800000, 0x0000000433000000, 0x0000000433000000|100%| O|  |TAMS 0x0000000432800000, 0x0000000432800000| Untracked 
| 102|0x0000000433000000, 0x0000000433800000, 0x0000000433800000|100%| O|  |TAMS 0x0000000433000000, 0x0000000433000000| Untracked 
| 103|0x0000000433800000, 0x0000000434000000, 0x0000000434000000|100%| O|  |TAMS 0x0000000433800000, 0x0000000433800000| Untracked 
| 104|0x0000000434000000, 0x0000000434800000, 0x0000000434800000|100%| O|  |TAMS 0x0000000434000000, 0x0000000434000000| Untracked 
| 105|0x0000000434800000, 0x0000000435000000, 0x0000000435000000|100%| O|  |TAMS 0x0000000434800000, 0x0000000434800000| Untracked 
| 106|0x0000000435000000, 0x0000000435800000, 0x0000000435800000|100%| O|  |TAMS 0x0000000435000000, 0x0000000435000000| Untracked 
| 107|0x0000000435800000, 0x0000000436000000, 0x0000000436000000|100%| O|  |TAMS 0x0000000435800000, 0x0000000435800000| Untracked 
| 108|0x0000000436000000, 0x0000000436800000, 0x0000000436800000|100%| O|  |TAMS 0x0000000436000000, 0x0000000436000000| Untracked 
| 109|0x0000000436800000, 0x0000000437000000, 0x0000000437000000|100%| O|  |TAMS 0x0000000436800000, 0x0000000436800000| Untracked 
| 110|0x0000000437000000, 0x0000000437800000, 0x0000000437800000|100%| O|  |TAMS 0x0000000437000000, 0x0000000437000000| Untracked 
| 111|0x0000000437800000, 0x0000000438000000, 0x0000000438000000|100%| O|  |TAMS 0x0000000437800000, 0x0000000437800000| Untracked 
| 112|0x0000000438000000, 0x0000000438800000, 0x0000000438800000|100%| O|  |TAMS 0x0000000438000000, 0x0000000438000000| Untracked 
| 113|0x0000000438800000, 0x0000000439000000, 0x0000000439000000|100%| O|  |TAMS 0x0000000438800000, 0x0000000438800000| Untracked 
| 114|0x0000000439000000, 0x0000000439800000, 0x0000000439800000|100%| O|  |TAMS 0x0000000439000000, 0x0000000439000000| Untracked 
| 115|0x0000000439800000, 0x000000043a000000, 0x000000043a000000|100%| O|  |TAMS 0x0000000439800000, 0x0000000439800000| Untracked 
| 116|0x000000043a000000, 0x000000043a800000, 0x000000043a800000|100%| O|  |TAMS 0x000000043a000000, 0x000000043a000000| Untracked 
| 117|0x000000043a800000, 0x000000043b000000, 0x000000043b000000|100%| O|  |TAMS 0x000000043a800000, 0x000000043a800000| Untracked 
| 118|0x000000043b000000, 0x000000043b800000, 0x000000043b800000|100%| O|  |TAMS 0x000000043b000000, 0x000000043b000000| Untracked 
| 119|0x000000043b800000, 0x000000043c000000, 0x000000043c000000|100%| O|  |TAMS 0x000000043b800000, 0x000000043b800000| Untracked 
| 120|0x000000043c000000, 0x000000043c800000, 0x000000043c800000|100%| O|  |TAMS 0x000000043c000000, 0x000000043c000000| Untracked 
| 121|0x000000043c800000, 0x000000043d000000, 0x000000043d000000|100%| O|  |TAMS 0x000000043c800000, 0x000000043c800000| Untracked 
| 122|0x000000043d000000, 0x000000043d800000, 0x000000043d800000|100%| O|  |TAMS 0x000000043d000000, 0x000000043d000000| Untracked 
| 123|0x000000043d800000, 0x000000043e000000, 0x000000043e000000|100%| O|  |TAMS 0x000000043d800000, 0x000000043d800000| Untracked 
| 124|0x000000043e000000, 0x000000043e800000, 0x000000043e800000|100%| O|  |TAMS 0x000000043e000000, 0x000000043e000000| Untracked 
| 125|0x000000043e800000, 0x000000043f000000, 0x000000043f000000|100%| O|  |TAMS 0x000000043e800000, 0x000000043e800000| Untracked 
| 126|0x000000043f000000, 0x000000043f800000, 0x000000043f800000|100%| O|  |TAMS 0x000000043f000000, 0x000000043f000000| Untracked 
| 127|0x000000043f800000, 0x0000000440000000, 0x0000000440000000|100%| O|  |TAMS 0x000000043f800000, 0x000000043f800000| Untracked 
| 128|0x0000000440000000, 0x0000000440800000, 0x0000000440800000|100%| O|  |TAMS 0x0000000440000000, 0x0000000440000000| Untracked 
| 129|0x0000000440800000, 0x0000000441000000, 0x0000000441000000|100%| O|  |TAMS 0x0000000440800000, 0x0000000440800000| Untracked 
| 130|0x0000000441000000, 0x0000000441800000, 0x0000000441800000|100%| O|  |TAMS 0x0000000441000000, 0x0000000441000000| Untracked 
| 131|0x0000000441800000, 0x0000000442000000, 0x0000000442000000|100%| O|  |TAMS 0x0000000441800000, 0x0000000441800000| Untracked 
| 132|0x0000000442000000, 0x0000000442800000, 0x0000000442800000|100%| O|  |TAMS 0x0000000442000000, 0x0000000442000000| Untracked 
| 133|0x0000000442800000, 0x0000000443000000, 0x0000000443000000|100%| O|  |TAMS 0x0000000442800000, 0x0000000442800000| Untracked 
| 134|0x0000000443000000, 0x0000000443800000, 0x0000000443800000|100%| O|  |TAMS 0x0000000443000000, 0x0000000443000000| Untracked 
| 135|0x0000000443800000, 0x0000000444000000, 0x0000000444000000|100%| O|  |TAMS 0x0000000443800000, 0x0000000443800000| Untracked 
| 136|0x0000000444000000, 0x0000000444800000, 0x0000000444800000|100%| O|  |TAMS 0x0000000444000000, 0x0000000444000000| Untracked 
| 137|0x0000000444800000, 0x0000000445000000, 0x0000000445000000|100%| O|  |TAMS 0x0000000444800000, 0x0000000444800000| Untracked 
| 138|0x0000000445000000, 0x0000000445800000, 0x0000000445800000|100%| O|  |TAMS 0x0000000445000000, 0x0000000445000000| Untracked 
| 139|0x0000000445800000, 0x0000000446000000, 0x0000000446000000|100%| O|  |TAMS 0x0000000445800000, 0x0000000445800000| Untracked 
| 140|0x0000000446000000, 0x0000000446800000, 0x0000000446800000|100%| O|  |TAMS 0x0000000446000000, 0x0000000446000000| Untracked 
| 141|0x0000000446800000, 0x0000000447000000, 0x0000000447000000|100%| O|  |TAMS 0x0000000446800000, 0x0000000446800000| Untracked 
| 142|0x0000000447000000, 0x0000000447800000, 0x0000000447800000|100%| O|  |TAMS 0x0000000447000000, 0x0000000447000000| Untracked 
| 143|0x0000000447800000, 0x0000000448000000, 0x0000000448000000|100%| O|  |TAMS 0x0000000447800000, 0x0000000447800000| Untracked 
| 144|0x0000000448000000, 0x0000000448800000, 0x0000000448800000|100%| O|  |TAMS 0x0000000448000000, 0x0000000448000000| Untracked 
| 145|0x0000000448800000, 0x0000000449000000, 0x0000000449000000|100%| O|  |TAMS 0x0000000448800000, 0x0000000448800000| Untracked 
| 146|0x0000000449000000, 0x0000000449800000, 0x0000000449800000|100%| O|  |TAMS 0x0000000449000000, 0x0000000449000000| Untracked 
| 147|0x0000000449800000, 0x000000044a000000, 0x000000044a000000|100%| O|  |TAMS 0x0000000449800000, 0x0000000449800000| Untracked 
| 148|0x000000044a000000, 0x000000044a800000, 0x000000044a800000|100%| O|  |TAMS 0x000000044a000000, 0x000000044a000000| Untracked 
| 149|0x000000044a800000, 0x000000044b000000, 0x000000044b000000|100%| O|  |TAMS 0x000000044a800000, 0x000000044a800000| Untracked 
| 150|0x000000044b000000, 0x000000044b800000, 0x000000044b800000|100%| O|  |TAMS 0x000000044b000000, 0x000000044b000000| Untracked 
| 151|0x000000044b800000, 0x000000044c000000, 0x000000044c000000|100%| O|  |TAMS 0x000000044b800000, 0x000000044b800000| Untracked 
| 152|0x000000044c000000, 0x000000044c800000, 0x000000044c800000|100%| O|  |TAMS 0x000000044c000000, 0x000000044c000000| Untracked 
| 153|0x000000044c800000, 0x000000044d000000, 0x000000044d000000|100%| O|  |TAMS 0x000000044c800000, 0x000000044c800000| Untracked 
| 154|0x000000044d000000, 0x000000044d800000, 0x000000044d800000|100%| O|  |TAMS 0x000000044d000000, 0x000000044d000000| Untracked 
| 155|0x000000044d800000, 0x000000044e000000, 0x000000044e000000|100%| O|  |TAMS 0x000000044d800000, 0x000000044d800000| Untracked 
| 156|0x000000044e000000, 0x000000044e800000, 0x000000044e800000|100%| O|  |TAMS 0x000000044e000000, 0x000000044e000000| Untracked 
| 157|0x000000044e800000, 0x000000044f000000, 0x000000044f000000|100%| O|  |TAMS 0x000000044e800000, 0x000000044e800000| Untracked 
| 158|0x000000044f000000, 0x000000044f800000, 0x000000044f800000|100%| O|  |TAMS 0x000000044f000000, 0x000000044f000000| Untracked 
| 159|0x000000044f800000, 0x0000000450000000, 0x0000000450000000|100%| O|  |TAMS 0x000000044f800000, 0x000000044f800000| Untracked 
| 160|0x0000000450000000, 0x0000000450800000, 0x0000000450800000|100%| O|  |TAMS 0x0000000450000000, 0x0000000450000000| Untracked 
| 161|0x0000000450800000, 0x0000000451000000, 0x0000000451000000|100%| O|  |TAMS 0x0000000450800000, 0x0000000450800000| Untracked 
| 162|0x0000000451000000, 0x0000000451800000, 0x0000000451800000|100%| O|  |TAMS 0x0000000451000000, 0x0000000451000000| Untracked 
| 163|0x0000000451800000, 0x0000000452000000, 0x0000000452000000|100%| O|  |TAMS 0x0000000451800000, 0x0000000451800000| Untracked 
| 164|0x0000000452000000, 0x0000000452800000, 0x0000000452800000|100%| O|  |TAMS 0x0000000452000000, 0x0000000452000000| Untracked 
| 165|0x0000000452800000, 0x0000000453000000, 0x0000000453000000|100%| O|  |TAMS 0x0000000452800000, 0x0000000452800000| Untracked 
| 166|0x0000000453000000, 0x0000000453800000, 0x0000000453800000|100%| O|  |TAMS 0x0000000453000000, 0x0000000453000000| Untracked 
| 167|0x0000000453800000, 0x0000000454000000, 0x0000000454000000|100%| O|  |TAMS 0x0000000453800000, 0x0000000453800000| Untracked 
| 168|0x0000000454000000, 0x0000000454800000, 0x0000000454800000|100%| O|  |TAMS 0x0000000454000000, 0x0000000454000000| Untracked 
| 169|0x0000000454800000, 0x0000000455000000, 0x0000000455000000|100%| O|  |TAMS 0x0000000454800000, 0x0000000454800000| Untracked 
| 170|0x0000000455000000, 0x0000000455800000, 0x0000000455800000|100%| O|  |TAMS 0x0000000455000000, 0x0000000455000000| Untracked 
| 171|0x0000000455800000, 0x0000000456000000, 0x0000000456000000|100%| O|  |TAMS 0x0000000455800000, 0x0000000455800000| Untracked 
| 172|0x0000000456000000, 0x0000000456800000, 0x0000000456800000|100%| O|  |TAMS 0x0000000456000000, 0x0000000456000000| Untracked 
| 173|0x0000000456800000, 0x0000000457000000, 0x0000000457000000|100%| O|  |TAMS 0x0000000456800000, 0x0000000456800000| Untracked 
| 174|0x0000000457000000, 0x0000000457800000, 0x0000000457800000|100%| O|  |TAMS 0x0000000457000000, 0x0000000457000000| Untracked 
| 175|0x0000000457800000, 0x0000000458000000, 0x0000000458000000|100%| O|  |TAMS 0x0000000457800000, 0x0000000457800000| Untracked 
| 176|0x0000000458000000, 0x0000000458800000, 0x0000000458800000|100%| O|  |TAMS 0x0000000458000000, 0x0000000458000000| Untracked 
| 177|0x0000000458800000, 0x0000000459000000, 0x0000000459000000|100%| O|  |TAMS 0x0000000458800000, 0x0000000458800000| Untracked 
| 178|0x0000000459000000, 0x0000000459800000, 0x0000000459800000|100%| O|  |TAMS 0x0000000459000000, 0x0000000459000000| Untracked 
| 179|0x0000000459800000, 0x000000045a000000, 0x000000045a000000|100%| O|  |TAMS 0x0000000459800000, 0x0000000459800000| Untracked 
| 180|0x000000045a000000, 0x000000045a800000, 0x000000045a800000|100%| O|  |TAMS 0x000000045a000000, 0x000000045a000000| Untracked 
| 181|0x000000045a800000, 0x000000045b000000, 0x000000045b000000|100%| O|  |TAMS 0x000000045a800000, 0x000000045a800000| Untracked 
| 182|0x000000045b000000, 0x000000045b800000, 0x000000045b800000|100%| O|  |TAMS 0x000000045b000000, 0x000000045b000000| Untracked 
| 183|0x000000045b800000, 0x000000045c000000, 0x000000045c000000|100%| O|  |TAMS 0x000000045b800000, 0x000000045b800000| Untracked 
| 184|0x000000045c000000, 0x000000045c800000, 0x000000045c800000|100%| O|  |TAMS 0x000000045c000000, 0x000000045c000000| Untracked 
| 185|0x000000045c800000, 0x000000045d000000, 0x000000045d000000|100%| O|  |TAMS 0x000000045c800000, 0x000000045c800000| Untracked 
| 186|0x000000045d000000, 0x000000045d800000, 0x000000045d800000|100%| O|  |TAMS 0x000000045d000000, 0x000000045d000000| Untracked 
| 187|0x000000045d800000, 0x000000045e000000, 0x000000045e000000|100%| O|  |TAMS 0x000000045d800000, 0x000000045d800000| Untracked 
| 188|0x000000045e000000, 0x000000045e800000, 0x000000045e800000|100%| O|  |TAMS 0x000000045e000000, 0x000000045e000000| Untracked 
| 189|0x000000045e800000, 0x000000045f000000, 0x000000045f000000|100%| O|  |TAMS 0x000000045e800000, 0x000000045e800000| Untracked 
| 190|0x000000045f000000, 0x000000045f800000, 0x000000045f800000|100%| O|  |TAMS 0x000000045f000000, 0x000000045f000000| Untracked 
| 191|0x000000045f800000, 0x0000000460000000, 0x0000000460000000|100%| O|  |TAMS 0x000000045f800000, 0x000000045f800000| Untracked 
| 192|0x0000000460000000, 0x0000000460800000, 0x0000000460800000|100%| O|  |TAMS 0x0000000460000000, 0x0000000460000000| Untracked 
| 193|0x0000000460800000, 0x0000000461000000, 0x0000000461000000|100%| O|  |TAMS 0x0000000460800000, 0x0000000460800000| Untracked 
| 194|0x0000000461000000, 0x0000000461800000, 0x0000000461800000|100%| O|  |TAMS 0x0000000461000000, 0x0000000461000000| Untracked 
| 195|0x0000000461800000, 0x0000000462000000, 0x0000000462000000|100%| O|  |TAMS 0x0000000461800000, 0x0000000461800000| Untracked 
| 196|0x0000000462000000, 0x0000000462800000, 0x0000000462800000|100%| O|  |TAMS 0x0000000462000000, 0x0000000462000000| Untracked 
| 197|0x0000000462800000, 0x0000000463000000, 0x0000000463000000|100%| O|  |TAMS 0x0000000462800000, 0x0000000462800000| Untracked 
| 198|0x0000000463000000, 0x0000000463800000, 0x0000000463800000|100%| O|  |TAMS 0x0000000463000000, 0x0000000463000000| Untracked 
| 199|0x0000000463800000, 0x0000000464000000, 0x0000000464000000|100%| O|  |TAMS 0x0000000463800000, 0x0000000463800000| Untracked 
| 200|0x0000000464000000, 0x0000000464800000, 0x0000000464800000|100%| O|  |TAMS 0x0000000464000000, 0x0000000464000000| Untracked 
| 201|0x0000000464800000, 0x0000000465000000, 0x0000000465000000|100%| O|  |TAMS 0x0000000464800000, 0x0000000464800000| Untracked 
| 202|0x0000000465000000, 0x0000000465800000, 0x0000000465800000|100%| O|  |TAMS 0x0000000465000000, 0x0000000465000000| Untracked 
| 203|0x0000000465800000, 0x0000000466000000, 0x0000000466000000|100%| O|  |TAMS 0x0000000465800000, 0x0000000465800000| Untracked 
| 204|0x0000000466000000, 0x0000000466800000, 0x0000000466800000|100%| O|  |TAMS 0x0000000466000000, 0x0000000466000000| Untracked 
| 205|0x0000000466800000, 0x0000000467000000, 0x0000000467000000|100%| O|  |TAMS 0x0000000466800000, 0x0000000466800000| Untracked 
| 206|0x0000000467000000, 0x0000000467800000, 0x0000000467800000|100%| O|  |TAMS 0x0000000467000000, 0x0000000467000000| Untracked 
| 207|0x0000000467800000, 0x0000000468000000, 0x0000000468000000|100%| O|  |TAMS 0x0000000467800000, 0x0000000467800000| Untracked 
| 208|0x0000000468000000, 0x0000000468800000, 0x0000000468800000|100%| O|  |TAMS 0x0000000468000000, 0x0000000468000000| Untracked 
| 209|0x0000000468800000, 0x0000000469000000, 0x0000000469000000|100%| O|  |TAMS 0x0000000468800000, 0x0000000468800000| Untracked 
| 210|0x0000000469000000, 0x0000000469800000, 0x0000000469800000|100%| O|  |TAMS 0x0000000469000000, 0x0000000469000000| Untracked 
| 211|0x0000000469800000, 0x000000046a000000, 0x000000046a000000|100%| O|  |TAMS 0x0000000469800000, 0x0000000469800000| Untracked 
| 212|0x000000046a000000, 0x000000046a800000, 0x000000046a800000|100%| O|  |TAMS 0x000000046a000000, 0x000000046a000000| Untracked 
| 213|0x000000046a800000, 0x000000046b000000, 0x000000046b000000|100%| O|  |TAMS 0x000000046a800000, 0x000000046a800000| Untracked 
| 214|0x000000046b000000, 0x000000046b800000, 0x000000046b800000|100%| O|  |TAMS 0x000000046b000000, 0x000000046b000000| Untracked 
| 215|0x000000046b800000, 0x000000046c000000, 0x000000046c000000|100%| O|  |TAMS 0x000000046b800000, 0x000000046b800000| Untracked 
| 216|0x000000046c000000, 0x000000046c800000, 0x000000046c800000|100%| O|  |TAMS 0x000000046c000000, 0x000000046c000000| Untracked 
| 217|0x000000046c800000, 0x000000046d000000, 0x000000046d000000|100%| O|  |TAMS 0x000000046c800000, 0x000000046c800000| Untracked 
| 218|0x000000046d000000, 0x000000046d800000, 0x000000046d800000|100%| O|  |TAMS 0x000000046d000000, 0x000000046d000000| Untracked 
| 219|0x000000046d800000, 0x000000046e000000, 0x000000046e000000|100%| O|  |TAMS 0x000000046d800000, 0x000000046d800000| Untracked 
| 220|0x000000046e000000, 0x000000046e800000, 0x000000046e800000|100%| O|  |TAMS 0x000000046e000000, 0x000000046e000000| Untracked 
| 221|0x000000046e800000, 0x000000046f000000, 0x000000046f000000|100%| O|  |TAMS 0x000000046e800000, 0x000000046e800000| Untracked 
| 222|0x000000046f000000, 0x000000046f800000, 0x000000046f800000|100%| O|  |TAMS 0x000000046f000000, 0x000000046f000000| Untracked 
| 223|0x000000046f800000, 0x0000000470000000, 0x0000000470000000|100%| O|  |TAMS 0x000000046f800000, 0x000000046f800000| Untracked 
| 224|0x0000000470000000, 0x0000000470800000, 0x0000000470800000|100%| O|  |TAMS 0x0000000470000000, 0x0000000470000000| Untracked 
| 225|0x0000000470800000, 0x0000000471000000, 0x0000000471000000|100%| O|  |TAMS 0x0000000470800000, 0x0000000470800000| Untracked 
| 226|0x0000000471000000, 0x0000000471800000, 0x0000000471800000|100%| O|  |TAMS 0x0000000471000000, 0x0000000471000000| Untracked 
| 227|0x0000000471800000, 0x0000000472000000, 0x0000000472000000|100%| O|  |TAMS 0x0000000471800000, 0x0000000471800000| Untracked 
| 228|0x0000000472000000, 0x0000000472800000, 0x0000000472800000|100%| O|  |TAMS 0x0000000472000000, 0x0000000472000000| Untracked 
| 229|0x0000000472800000, 0x0000000473000000, 0x0000000473000000|100%| O|  |TAMS 0x0000000472800000, 0x0000000472800000| Untracked 
| 230|0x0000000473000000, 0x0000000473800000, 0x0000000473800000|100%| O|  |TAMS 0x0000000473000000, 0x0000000473000000| Untracked 
| 231|0x0000000473800000, 0x0000000474000000, 0x0000000474000000|100%| O|  |TAMS 0x0000000473800000, 0x0000000473800000| Untracked 
| 232|0x0000000474000000, 0x0000000474800000, 0x0000000474800000|100%| O|  |TAMS 0x0000000474000000, 0x0000000474000000| Untracked 
| 233|0x0000000474800000, 0x0000000475000000, 0x0000000475000000|100%| O|  |TAMS 0x0000000474800000, 0x0000000474800000| Untracked 
| 234|0x0000000475000000, 0x0000000475800000, 0x0000000475800000|100%| O|  |TAMS 0x0000000475000000, 0x0000000475000000| Untracked 
| 235|0x0000000475800000, 0x0000000476000000, 0x0000000476000000|100%| O|  |TAMS 0x0000000475800000, 0x0000000475800000| Untracked 
| 236|0x0000000476000000, 0x0000000476800000, 0x0000000476800000|100%| O|  |TAMS 0x0000000476000000, 0x0000000476000000| Untracked 
| 237|0x0000000476800000, 0x0000000477000000, 0x0000000477000000|100%| O|  |TAMS 0x0000000476800000, 0x0000000476800000| Untracked 
| 238|0x0000000477000000, 0x0000000477800000, 0x0000000477800000|100%| O|  |TAMS 0x0000000477000000, 0x0000000477000000| Untracked 
| 239|0x0000000477800000, 0x0000000478000000, 0x0000000478000000|100%| O|  |TAMS 0x0000000477800000, 0x0000000477800000| Untracked 
| 240|0x0000000478000000, 0x0000000478800000, 0x0000000478800000|100%| O|  |TAMS 0x0000000478000000, 0x0000000478000000| Untracked 
| 241|0x0000000478800000, 0x0000000479000000, 0x0000000479000000|100%| O|  |TAMS 0x0000000478800000, 0x0000000478800000| Untracked 
| 242|0x0000000479000000, 0x0000000479800000, 0x0000000479800000|100%| O|  |TAMS 0x0000000479000000, 0x0000000479000000| Untracked 
| 243|0x0000000479800000, 0x000000047a000000, 0x000000047a000000|100%| O|  |TAMS 0x0000000479800000, 0x0000000479800000| Untracked 
| 244|0x000000047a000000, 0x000000047a800000, 0x000000047a800000|100%| O|  |TAMS 0x000000047a000000, 0x000000047a000000| Untracked 
| 245|0x000000047a800000, 0x000000047b000000, 0x000000047b000000|100%| O|  |TAMS 0x000000047a800000, 0x000000047a800000| Untracked 
| 246|0x000000047b000000, 0x000000047b800000, 0x000000047b800000|100%| O|  |TAMS 0x000000047b000000, 0x000000047b000000| Untracked 
| 247|0x000000047b800000, 0x000000047c000000, 0x000000047c000000|100%| O|  |TAMS 0x000000047b800000, 0x000000047b800000| Untracked 
| 248|0x000000047c000000, 0x000000047c800000, 0x000000047c800000|100%| O|  |TAMS 0x000000047c000000, 0x000000047c000000| Untracked 
| 249|0x000000047c800000, 0x000000047d000000, 0x000000047d000000|100%| O|  |TAMS 0x000000047c800000, 0x000000047c800000| Untracked 
| 250|0x000000047d000000, 0x000000047d800000, 0x000000047d800000|100%| O|  |TAMS 0x000000047d000000, 0x000000047d000000| Untracked 
| 251|0x000000047d800000, 0x000000047e000000, 0x000000047e000000|100%| O|  |TAMS 0x000000047d800000, 0x000000047d800000| Untracked 
| 252|0x000000047e000000, 0x000000047e800000, 0x000000047e800000|100%| O|  |TAMS 0x000000047e000000, 0x000000047e000000| Untracked 
| 253|0x000000047e800000, 0x000000047f000000, 0x000000047f000000|100%| O|  |TAMS 0x000000047e800000, 0x000000047e800000| Untracked 
| 254|0x000000047f000000, 0x000000047f800000, 0x000000047f800000|100%| O|  |TAMS 0x000000047f000000, 0x000000047f000000| Untracked 
| 255|0x000000047f800000, 0x0000000480000000, 0x0000000480000000|100%| O|  |TAMS 0x000000047f800000, 0x000000047f800000| Untracked 
| 256|0x0000000480000000, 0x0000000480800000, 0x0000000480800000|100%| O|  |TAMS 0x0000000480000000, 0x0000000480000000| Untracked 
| 257|0x0000000480800000, 0x0000000481000000, 0x0000000481000000|100%| O|  |TAMS 0x0000000480800000, 0x0000000480800000| Untracked 
| 258|0x0000000481000000, 0x0000000481800000, 0x0000000481800000|100%| O|  |TAMS 0x0000000481000000, 0x0000000481000000| Untracked 
| 259|0x0000000481800000, 0x0000000482000000, 0x0000000482000000|100%| O|  |TAMS 0x0000000481800000, 0x0000000481800000| Untracked 
| 260|0x0000000482000000, 0x0000000482800000, 0x0000000482800000|100%| O|  |TAMS 0x0000000482000000, 0x0000000482000000| Untracked 
| 261|0x0000000482800000, 0x0000000483000000, 0x0000000483000000|100%| O|  |TAMS 0x0000000482800000, 0x0000000482800000| Untracked 
| 262|0x0000000483000000, 0x0000000483800000, 0x0000000483800000|100%| O|  |TAMS 0x0000000483000000, 0x0000000483000000| Untracked 
| 263|0x0000000483800000, 0x0000000484000000, 0x0000000484000000|100%| O|  |TAMS 0x0000000483800000, 0x0000000483800000| Untracked 
| 264|0x0000000484000000, 0x0000000484800000, 0x0000000484800000|100%| O|  |TAMS 0x0000000484000000, 0x0000000484000000| Untracked 
| 265|0x0000000484800000, 0x0000000485000000, 0x0000000485000000|100%| O|  |TAMS 0x0000000484800000, 0x0000000484800000| Untracked 
| 266|0x0000000485000000, 0x0000000485800000, 0x0000000485800000|100%| O|  |TAMS 0x0000000485000000, 0x0000000485000000| Untracked 
| 267|0x0000000485800000, 0x0000000486000000, 0x0000000486000000|100%| O|  |TAMS 0x0000000485800000, 0x0000000485800000| Untracked 
| 268|0x0000000486000000, 0x0000000486800000, 0x0000000486800000|100%| O|  |TAMS 0x0000000486000000, 0x0000000486000000| Untracked 
| 269|0x0000000486800000, 0x0000000487000000, 0x0000000487000000|100%| O|  |TAMS 0x0000000486800000, 0x0000000486800000| Untracked 
| 270|0x0000000487000000, 0x0000000487800000, 0x0000000487800000|100%| O|  |TAMS 0x0000000487000000, 0x0000000487000000| Untracked 
| 271|0x0000000487800000, 0x0000000488000000, 0x0000000488000000|100%| O|  |TAMS 0x0000000487800000, 0x0000000487800000| Untracked 
| 272|0x0000000488000000, 0x0000000488800000, 0x0000000488800000|100%| O|  |TAMS 0x0000000488000000, 0x0000000488000000| Untracked 
| 273|0x0000000488800000, 0x0000000489000000, 0x0000000489000000|100%| O|  |TAMS 0x0000000488800000, 0x0000000488800000| Untracked 
| 274|0x0000000489000000, 0x0000000489800000, 0x0000000489800000|100%| O|  |TAMS 0x0000000489000000, 0x0000000489000000| Untracked 
| 275|0x0000000489800000, 0x000000048a000000, 0x000000048a000000|100%| O|  |TAMS 0x0000000489800000, 0x0000000489800000| Untracked 
| 276|0x000000048a000000, 0x000000048a800000, 0x000000048a800000|100%| O|  |TAMS 0x000000048a000000, 0x000000048a000000| Untracked 
| 277|0x000000048a800000, 0x000000048b000000, 0x000000048b000000|100%| O|  |TAMS 0x000000048a800000, 0x000000048a800000| Untracked 
| 278|0x000000048b000000, 0x000000048b800000, 0x000000048b800000|100%| O|  |TAMS 0x000000048b000000, 0x000000048b000000| Untracked 
| 279|0x000000048b800000, 0x000000048c000000, 0x000000048c000000|100%| O|  |TAMS 0x000000048b800000, 0x000000048b800000| Untracked 
| 280|0x000000048c000000, 0x000000048c800000, 0x000000048c800000|100%| O|  |TAMS 0x000000048c000000, 0x000000048c000000| Untracked 
| 281|0x000000048c800000, 0x000000048d000000, 0x000000048d000000|100%| O|  |TAMS 0x000000048c800000, 0x000000048c800000| Untracked 
| 282|0x000000048d000000, 0x000000048d800000, 0x000000048d800000|100%| O|  |TAMS 0x000000048d000000, 0x000000048d000000| Untracked 
| 283|0x000000048d800000, 0x000000048e000000, 0x000000048e000000|100%| O|  |TAMS 0x000000048d800000, 0x000000048d800000| Untracked 
| 284|0x000000048e000000, 0x000000048e800000, 0x000000048e800000|100%| O|  |TAMS 0x000000048e000000, 0x000000048e000000| Untracked 
| 285|0x000000048e800000, 0x000000048f000000, 0x000000048f000000|100%| O|  |TAMS 0x000000048e800000, 0x000000048e800000| Untracked 
| 286|0x000000048f000000, 0x000000048f800000, 0x000000048f800000|100%| O|  |TAMS 0x000000048f000000, 0x000000048f000000| Untracked 
| 287|0x000000048f800000, 0x0000000490000000, 0x0000000490000000|100%| O|  |TAMS 0x000000048f800000, 0x000000048f800000| Untracked 
| 288|0x0000000490000000, 0x0000000490800000, 0x0000000490800000|100%| O|  |TAMS 0x0000000490000000, 0x0000000490000000| Untracked 
| 289|0x0000000490800000, 0x0000000491000000, 0x0000000491000000|100%| O|  |TAMS 0x0000000490800000, 0x0000000490800000| Untracked 
| 290|0x0000000491000000, 0x0000000491800000, 0x0000000491800000|100%| O|  |TAMS 0x0000000491000000, 0x0000000491000000| Untracked 
| 291|0x0000000491800000, 0x0000000492000000, 0x0000000492000000|100%| O|  |TAMS 0x0000000491800000, 0x0000000491800000| Untracked 
| 292|0x0000000492000000, 0x0000000492800000, 0x0000000492800000|100%| O|  |TAMS 0x0000000492000000, 0x0000000492000000| Untracked 
| 293|0x0000000492800000, 0x0000000493000000, 0x0000000493000000|100%| O|  |TAMS 0x0000000492800000, 0x0000000492800000| Untracked 
| 294|0x0000000493000000, 0x0000000493800000, 0x0000000493800000|100%| O|  |TAMS 0x0000000493000000, 0x0000000493000000| Untracked 
| 295|0x0000000493800000, 0x0000000494000000, 0x0000000494000000|100%| O|  |TAMS 0x0000000493800000, 0x0000000493800000| Untracked 
| 296|0x0000000494000000, 0x0000000494800000, 0x0000000494800000|100%| O|  |TAMS 0x0000000494000000, 0x0000000494000000| Untracked 
| 297|0x0000000494800000, 0x0000000495000000, 0x0000000495000000|100%| O|  |TAMS 0x0000000494800000, 0x0000000494800000| Untracked 
| 298|0x0000000495000000, 0x0000000495800000, 0x0000000495800000|100%| O|  |TAMS 0x0000000495000000, 0x0000000495000000| Untracked 
| 299|0x0000000495800000, 0x0000000496000000, 0x0000000496000000|100%| O|  |TAMS 0x0000000495800000, 0x0000000495800000| Untracked 
| 300|0x0000000496000000, 0x0000000496800000, 0x0000000496800000|100%| O|  |TAMS 0x0000000496000000, 0x0000000496000000| Untracked 
| 301|0x0000000496800000, 0x0000000497000000, 0x0000000497000000|100%| O|  |TAMS 0x0000000496800000, 0x0000000496800000| Untracked 
| 302|0x0000000497000000, 0x0000000497800000, 0x0000000497800000|100%| O|  |TAMS 0x0000000497000000, 0x0000000497000000| Untracked 
| 303|0x0000000497800000, 0x0000000498000000, 0x0000000498000000|100%| O|  |TAMS 0x0000000497800000, 0x0000000497800000| Untracked 
| 304|0x0000000498000000, 0x0000000498800000, 0x0000000498800000|100%| O|  |TAMS 0x0000000498000000, 0x0000000498000000| Untracked 
| 305|0x0000000498800000, 0x0000000499000000, 0x0000000499000000|100%| O|  |TAMS 0x0000000498800000, 0x0000000498800000| Untracked 
| 306|0x0000000499000000, 0x0000000499800000, 0x0000000499800000|100%| O|  |TAMS 0x0000000499000000, 0x0000000499000000| Untracked 
| 307|0x0000000499800000, 0x000000049a000000, 0x000000049a000000|100%| O|  |TAMS 0x0000000499800000, 0x0000000499800000| Untracked 
| 308|0x000000049a000000, 0x000000049a800000, 0x000000049a800000|100%| O|  |TAMS 0x000000049a000000, 0x000000049a000000| Untracked 
| 309|0x000000049a800000, 0x000000049b000000, 0x000000049b000000|100%| O|  |TAMS 0x000000049a800000, 0x000000049a800000| Untracked 
| 310|0x000000049b000000, 0x000000049b800000, 0x000000049b800000|100%| O|  |TAMS 0x000000049b000000, 0x000000049b000000| Untracked 
| 311|0x000000049b800000, 0x000000049c000000, 0x000000049c000000|100%| O|  |TAMS 0x000000049b800000, 0x000000049b800000| Untracked 
| 312|0x000000049c000000, 0x000000049c800000, 0x000000049c800000|100%| O|  |TAMS 0x000000049c000000, 0x000000049c000000| Untracked 
| 313|0x000000049c800000, 0x000000049d000000, 0x000000049d000000|100%| O|  |TAMS 0x000000049c800000, 0x000000049c800000| Untracked 
| 314|0x000000049d000000, 0x000000049d800000, 0x000000049d800000|100%| O|  |TAMS 0x000000049d000000, 0x000000049d000000| Untracked 
| 315|0x000000049d800000, 0x000000049e000000, 0x000000049e000000|100%| O|  |TAMS 0x000000049d800000, 0x000000049d800000| Untracked 
| 316|0x000000049e000000, 0x000000049e800000, 0x000000049e800000|100%| O|  |TAMS 0x000000049e000000, 0x000000049e000000| Untracked 
| 317|0x000000049e800000, 0x000000049f000000, 0x000000049f000000|100%| O|  |TAMS 0x000000049e800000, 0x000000049e800000| Untracked 
| 318|0x000000049f000000, 0x000000049f800000, 0x000000049f800000|100%| O|  |TAMS 0x000000049f000000, 0x000000049f000000| Untracked 
| 319|0x000000049f800000, 0x00000004a0000000, 0x00000004a0000000|100%| O|  |TAMS 0x000000049f800000, 0x000000049f800000| Untracked 
| 320|0x00000004a0000000, 0x00000004a0800000, 0x00000004a0800000|100%| O|  |TAMS 0x00000004a0000000, 0x00000004a0000000| Untracked 
| 321|0x00000004a0800000, 0x00000004a1000000, 0x00000004a1000000|100%| O|  |TAMS 0x00000004a0800000, 0x00000004a0800000| Untracked 
| 322|0x00000004a1000000, 0x00000004a1800000, 0x00000004a1800000|100%| O|  |TAMS 0x00000004a1000000, 0x00000004a1000000| Untracked 
| 323|0x00000004a1800000, 0x00000004a2000000, 0x00000004a2000000|100%| O|  |TAMS 0x00000004a1800000, 0x00000004a1800000| Untracked 
| 324|0x00000004a2000000, 0x00000004a2800000, 0x00000004a2800000|100%| O|  |TAMS 0x00000004a2000000, 0x00000004a2000000| Untracked 
| 325|0x00000004a2800000, 0x00000004a3000000, 0x00000004a3000000|100%| O|  |TAMS 0x00000004a2800000, 0x00000004a2800000| Untracked 
| 326|0x00000004a3000000, 0x00000004a3800000, 0x00000004a3800000|100%| O|  |TAMS 0x00000004a3000000, 0x00000004a3000000| Untracked 
| 327|0x00000004a3800000, 0x00000004a4000000, 0x00000004a4000000|100%| O|  |TAMS 0x00000004a3800000, 0x00000004a3800000| Untracked 
| 328|0x00000004a4000000, 0x00000004a4800000, 0x00000004a4800000|100%| O|  |TAMS 0x00000004a4000000, 0x00000004a4000000| Untracked 
| 329|0x00000004a4800000, 0x00000004a5000000, 0x00000004a5000000|100%| O|  |TAMS 0x00000004a4800000, 0x00000004a4800000| Untracked 
| 330|0x00000004a5000000, 0x00000004a5800000, 0x00000004a5800000|100%| O|  |TAMS 0x00000004a5000000, 0x00000004a5000000| Untracked 
| 331|0x00000004a5800000, 0x00000004a6000000, 0x00000004a6000000|100%| O|  |TAMS 0x00000004a5800000, 0x00000004a5800000| Untracked 
| 332|0x00000004a6000000, 0x00000004a6800000, 0x00000004a6800000|100%| O|  |TAMS 0x00000004a6000000, 0x00000004a6000000| Untracked 
| 333|0x00000004a6800000, 0x00000004a7000000, 0x00000004a7000000|100%| O|  |TAMS 0x00000004a6800000, 0x00000004a6800000| Untracked 
| 334|0x00000004a7000000, 0x00000004a7544390, 0x00000004a7800000| 65%| O|  |TAMS 0x00000004a7000000, 0x00000004a7000000| Untracked 
| 335|0x00000004a7800000, 0x00000004a7800000, 0x00000004a8000000|  0%| F|  |TAMS 0x00000004a7800000, 0x00000004a7800000| Untracked 
| 336|0x00000004a8000000, 0x00000004a8000000, 0x00000004a8800000|  0%| F|  |TAMS 0x00000004a8000000, 0x00000004a8000000| Untracked 
| 337|0x00000004a8800000, 0x00000004a8800000, 0x00000004a9000000|  0%| F|  |TAMS 0x00000004a8800000, 0x00000004a8800000| Untracked 
| 338|0x00000004a9000000, 0x00000004a9000000, 0x00000004a9800000|  0%| F|  |TAMS 0x00000004a9000000, 0x00000004a9000000| Untracked 
| 339|0x00000004a9800000, 0x00000004a9800000, 0x00000004aa000000|  0%| F|  |TAMS 0x00000004a9800000, 0x00000004a9800000| Untracked 
| 340|0x00000004aa000000, 0x00000004aa000000, 0x00000004aa800000|  0%| F|  |TAMS 0x00000004aa000000, 0x00000004aa000000| Untracked 
| 341|0x00000004aa800000, 0x00000004aa800000, 0x00000004ab000000|  0%| F|  |TAMS 0x00000004aa800000, 0x00000004aa800000| Untracked 
| 342|0x00000004ab000000, 0x00000004ab000000, 0x00000004ab800000|  0%| F|  |TAMS 0x00000004ab000000, 0x00000004ab000000| Untracked 
| 343|0x00000004ab800000, 0x00000004ab800000, 0x00000004ac000000|  0%| F|  |TAMS 0x00000004ab800000, 0x00000004ab800000| Untracked 
| 344|0x00000004ac000000, 0x00000004ac000000, 0x00000004ac800000|  0%| F|  |TAMS 0x00000004ac000000, 0x00000004ac000000| Untracked 
| 345|0x00000004ac800000, 0x00000004ac800000, 0x00000004ad000000|  0%| F|  |TAMS 0x00000004ac800000, 0x00000004ac800000| Untracked 
| 346|0x00000004ad000000, 0x00000004ad000000, 0x00000004ad800000|  0%| F|  |TAMS 0x00000004ad000000, 0x00000004ad000000| Untracked 
| 347|0x00000004ad800000, 0x00000004ad800000, 0x00000004ae000000|  0%| F|  |TAMS 0x00000004ad800000, 0x00000004ad800000| Untracked 
| 348|0x00000004ae000000, 0x00000004ae000000, 0x00000004ae800000|  0%| F|  |TAMS 0x00000004ae000000, 0x00000004ae000000| Untracked 
| 349|0x00000004ae800000, 0x00000004ae800000, 0x00000004af000000|  0%| F|  |TAMS 0x00000004ae800000, 0x00000004ae800000| Untracked 
| 350|0x00000004af000000, 0x00000004af000000, 0x00000004af800000|  0%| F|  |TAMS 0x00000004af000000, 0x00000004af000000| Untracked 
| 351|0x00000004af800000, 0x00000004af800000, 0x00000004b0000000|  0%| F|  |TAMS 0x00000004af800000, 0x00000004af800000| Untracked 
| 352|0x00000004b0000000, 0x00000004b0000000, 0x00000004b0800000|  0%| F|  |TAMS 0x00000004b0000000, 0x00000004b0000000| Untracked 
| 353|0x00000004b0800000, 0x00000004b0800000, 0x00000004b1000000|  0%| F|  |TAMS 0x00000004b0800000, 0x00000004b0800000| Untracked 
| 354|0x00000004b1000000, 0x00000004b1000000, 0x00000004b1800000|  0%| F|  |TAMS 0x00000004b1000000, 0x00000004b1000000| Untracked 
| 355|0x00000004b1800000, 0x00000004b1800000, 0x00000004b2000000|  0%| F|  |TAMS 0x00000004b1800000, 0x00000004b1800000| Untracked 
| 356|0x00000004b2000000, 0x00000004b2000000, 0x00000004b2800000|  0%| F|  |TAMS 0x00000004b2000000, 0x00000004b2000000| Untracked 
| 357|0x00000004b2800000, 0x00000004b2800000, 0x00000004b3000000|  0%| F|  |TAMS 0x00000004b2800000, 0x00000004b2800000| Untracked 
| 358|0x00000004b3000000, 0x00000004b3000000, 0x00000004b3800000|  0%| F|  |TAMS 0x00000004b3000000, 0x00000004b3000000| Untracked 
| 359|0x00000004b3800000, 0x00000004b3800000, 0x00000004b4000000|  0%| F|  |TAMS 0x00000004b3800000, 0x00000004b3800000| Untracked 
| 360|0x00000004b4000000, 0x00000004b4000000, 0x00000004b4800000|  0%| F|  |TAMS 0x00000004b4000000, 0x00000004b4000000| Untracked 
| 361|0x00000004b4800000, 0x00000004b4800000, 0x00000004b5000000|  0%| F|  |TAMS 0x00000004b4800000, 0x00000004b4800000| Untracked 
| 362|0x00000004b5000000, 0x00000004b5000000, 0x00000004b5800000|  0%| F|  |TAMS 0x00000004b5000000, 0x00000004b5000000| Untracked 
| 363|0x00000004b5800000, 0x00000004b5800000, 0x00000004b6000000|  0%| F|  |TAMS 0x00000004b5800000, 0x00000004b5800000| Untracked 
| 364|0x00000004b6000000, 0x00000004b6000000, 0x00000004b6800000|  0%| F|  |TAMS 0x00000004b6000000, 0x00000004b6000000| Untracked 
| 365|0x00000004b6800000, 0x00000004b6800000, 0x00000004b7000000|  0%| F|  |TAMS 0x00000004b6800000, 0x00000004b6800000| Untracked 
| 366|0x00000004b7000000, 0x00000004b7000000, 0x00000004b7800000|  0%| F|  |TAMS 0x00000004b7000000, 0x00000004b7000000| Untracked 
| 367|0x00000004b7800000, 0x00000004b7800000, 0x00000004b8000000|  0%| F|  |TAMS 0x00000004b7800000, 0x00000004b7800000| Untracked 
| 368|0x00000004b8000000, 0x00000004b8000000, 0x00000004b8800000|  0%| F|  |TAMS 0x00000004b8000000, 0x00000004b8000000| Untracked 
| 369|0x00000004b8800000, 0x00000004b8800000, 0x00000004b9000000|  0%| F|  |TAMS 0x00000004b8800000, 0x00000004b8800000| Untracked 
| 370|0x00000004b9000000, 0x00000004b9000000, 0x00000004b9800000|  0%| F|  |TAMS 0x00000004b9000000, 0x00000004b9000000| Untracked 
| 371|0x00000004b9800000, 0x00000004b9800000, 0x00000004ba000000|  0%| F|  |TAMS 0x00000004b9800000, 0x00000004b9800000| Untracked 
| 372|0x00000004ba000000, 0x00000004ba000000, 0x00000004ba800000|  0%| F|  |TAMS 0x00000004ba000000, 0x00000004ba000000| Untracked 
| 373|0x00000004ba800000, 0x00000004ba800000, 0x00000004bb000000|  0%| F|  |TAMS 0x00000004ba800000, 0x00000004ba800000| Untracked 
| 374|0x00000004bb000000, 0x00000004bb000000, 0x00000004bb800000|  0%| F|  |TAMS 0x00000004bb000000, 0x00000004bb000000| Untracked 
| 375|0x00000004bb800000, 0x00000004bb800000, 0x00000004bc000000|  0%| F|  |TAMS 0x00000004bb800000, 0x00000004bb800000| Untracked 
| 376|0x00000004bc000000, 0x00000004bc000000, 0x00000004bc800000|  0%| F|  |TAMS 0x00000004bc000000, 0x00000004bc000000| Untracked 
| 377|0x00000004bc800000, 0x00000004bc800000, 0x00000004bd000000|  0%| F|  |TAMS 0x00000004bc800000, 0x00000004bc800000| Untracked 
| 378|0x00000004bd000000, 0x00000004bd000000, 0x00000004bd800000|  0%| F|  |TAMS 0x00000004bd000000, 0x00000004bd000000| Untracked 
| 379|0x00000004bd800000, 0x00000004bd800000, 0x00000004be000000|  0%| F|  |TAMS 0x00000004bd800000, 0x00000004bd800000| Untracked 
| 380|0x00000004be000000, 0x00000004be000000, 0x00000004be800000|  0%| F|  |TAMS 0x00000004be000000, 0x00000004be000000| Untracked 
| 381|0x00000004be800000, 0x00000004be800000, 0x00000004bf000000|  0%| F|  |TAMS 0x00000004be800000, 0x00000004be800000| Untracked 
| 382|0x00000004bf000000, 0x00000004bf000000, 0x00000004bf800000|  0%| F|  |TAMS 0x00000004bf000000, 0x00000004bf000000| Untracked 
| 383|0x00000004bf800000, 0x00000004bf800000, 0x00000004c0000000|  0%| F|  |TAMS 0x00000004bf800000, 0x00000004bf800000| Untracked 
| 384|0x00000004c0000000, 0x00000004c0000000, 0x00000004c0800000|  0%| F|  |TAMS 0x00000004c0000000, 0x00000004c0000000| Untracked 
| 385|0x00000004c0800000, 0x00000004c0800000, 0x00000004c1000000|  0%| F|  |TAMS 0x00000004c0800000, 0x00000004c0800000| Untracked 
| 386|0x00000004c1000000, 0x00000004c1000000, 0x00000004c1800000|  0%| F|  |TAMS 0x00000004c1000000, 0x00000004c1000000| Untracked 
| 387|0x00000004c1800000, 0x00000004c1800000, 0x00000004c2000000|  0%| F|  |TAMS 0x00000004c1800000, 0x00000004c1800000| Untracked 
| 388|0x00000004c2000000, 0x00000004c2000000, 0x00000004c2800000|  0%| F|  |TAMS 0x00000004c2000000, 0x00000004c2000000| Untracked 
| 389|0x00000004c2800000, 0x00000004c2800000, 0x00000004c3000000|  0%| F|  |TAMS 0x00000004c2800000, 0x00000004c2800000| Untracked 
| 390|0x00000004c3000000, 0x00000004c3000000, 0x00000004c3800000|  0%| F|  |TAMS 0x00000004c3000000, 0x00000004c3000000| Untracked 
| 391|0x00000004c3800000, 0x00000004c3800000, 0x00000004c4000000|  0%| F|  |TAMS 0x00000004c3800000, 0x00000004c3800000| Untracked 
| 392|0x00000004c4000000, 0x00000004c4000000, 0x00000004c4800000|  0%| F|  |TAMS 0x00000004c4000000, 0x00000004c4000000| Untracked 
| 393|0x00000004c4800000, 0x00000004c4800000, 0x00000004c5000000|  0%| F|  |TAMS 0x00000004c4800000, 0x00000004c4800000| Untracked 
| 394|0x00000004c5000000, 0x00000004c5000000, 0x00000004c5800000|  0%| F|  |TAMS 0x00000004c5000000, 0x00000004c5000000| Untracked 
| 395|0x00000004c5800000, 0x00000004c5800000, 0x00000004c6000000|  0%| F|  |TAMS 0x00000004c5800000, 0x00000004c5800000| Untracked 
| 396|0x00000004c6000000, 0x00000004c6000000, 0x00000004c6800000|  0%| F|  |TAMS 0x00000004c6000000, 0x00000004c6000000| Untracked 
| 397|0x00000004c6800000, 0x00000004c6800000, 0x00000004c7000000|  0%| F|  |TAMS 0x00000004c6800000, 0x00000004c6800000| Untracked 
| 398|0x00000004c7000000, 0x00000004c7000000, 0x00000004c7800000|  0%| F|  |TAMS 0x00000004c7000000, 0x00000004c7000000| Untracked 
| 399|0x00000004c7800000, 0x00000004c7800000, 0x00000004c8000000|  0%| F|  |TAMS 0x00000004c7800000, 0x00000004c7800000| Untracked 
| 400|0x00000004c8000000, 0x00000004c8000000, 0x00000004c8800000|  0%| F|  |TAMS 0x00000004c8000000, 0x00000004c8000000| Untracked 
| 401|0x00000004c8800000, 0x00000004c8800000, 0x00000004c9000000|  0%| F|  |TAMS 0x00000004c8800000, 0x00000004c8800000| Untracked 
| 402|0x00000004c9000000, 0x00000004c9000000, 0x00000004c9800000|  0%| F|  |TAMS 0x00000004c9000000, 0x00000004c9000000| Untracked 
| 403|0x00000004c9800000, 0x00000004c9800000, 0x00000004ca000000|  0%| F|  |TAMS 0x00000004c9800000, 0x00000004c9800000| Untracked 
| 404|0x00000004ca000000, 0x00000004ca000000, 0x00000004ca800000|  0%| F|  |TAMS 0x00000004ca000000, 0x00000004ca000000| Untracked 
| 405|0x00000004ca800000, 0x00000004ca800000, 0x00000004cb000000|  0%| F|  |TAMS 0x00000004ca800000, 0x00000004ca800000| Untracked 
| 406|0x00000004cb000000, 0x00000004cb000000, 0x00000004cb800000|  0%| F|  |TAMS 0x00000004cb000000, 0x00000004cb000000| Untracked 
| 407|0x00000004cb800000, 0x00000004cb800000, 0x00000004cc000000|  0%| F|  |TAMS 0x00000004cb800000, 0x00000004cb800000| Untracked 
| 408|0x00000004cc000000, 0x00000004cc000000, 0x00000004cc800000|  0%| F|  |TAMS 0x00000004cc000000, 0x00000004cc000000| Untracked 
| 409|0x00000004cc800000, 0x00000004cc800000, 0x00000004cd000000|  0%| F|  |TAMS 0x00000004cc800000, 0x00000004cc800000| Untracked 
| 410|0x00000004cd000000, 0x00000004cd000000, 0x00000004cd800000|  0%| F|  |TAMS 0x00000004cd000000, 0x00000004cd000000| Untracked 
| 411|0x00000004cd800000, 0x00000004cd800000, 0x00000004ce000000|  0%| F|  |TAMS 0x00000004cd800000, 0x00000004cd800000| Untracked 
| 412|0x00000004ce000000, 0x00000004ce000000, 0x00000004ce800000|  0%| F|  |TAMS 0x00000004ce000000, 0x00000004ce000000| Untracked 
| 413|0x00000004ce800000, 0x00000004ce800000, 0x00000004cf000000|  0%| F|  |TAMS 0x00000004ce800000, 0x00000004ce800000| Untracked 
| 414|0x00000004cf000000, 0x00000004cf000000, 0x00000004cf800000|  0%| F|  |TAMS 0x00000004cf000000, 0x00000004cf000000| Untracked 
| 415|0x00000004cf800000, 0x00000004cf800000, 0x00000004d0000000|  0%| F|  |TAMS 0x00000004cf800000, 0x00000004cf800000| Untracked 
| 416|0x00000004d0000000, 0x00000004d0000000, 0x00000004d0800000|  0%| F|  |TAMS 0x00000004d0000000, 0x00000004d0000000| Untracked 
| 417|0x00000004d0800000, 0x00000004d0800000, 0x00000004d1000000|  0%| F|  |TAMS 0x00000004d0800000, 0x00000004d0800000| Untracked 
| 418|0x00000004d1000000, 0x00000004d1000000, 0x00000004d1800000|  0%| F|  |TAMS 0x00000004d1000000, 0x00000004d1000000| Untracked 
| 419|0x00000004d1800000, 0x00000004d1800000, 0x00000004d2000000|  0%| F|  |TAMS 0x00000004d1800000, 0x00000004d1800000| Untracked 
| 420|0x00000004d2000000, 0x00000004d2000000, 0x00000004d2800000|  0%| F|  |TAMS 0x00000004d2000000, 0x00000004d2000000| Untracked 
| 421|0x00000004d2800000, 0x00000004d2800000, 0x00000004d3000000|  0%| F|  |TAMS 0x00000004d2800000, 0x00000004d2800000| Untracked 
| 422|0x00000004d3000000, 0x00000004d3000000, 0x00000004d3800000|  0%| F|  |TAMS 0x00000004d3000000, 0x00000004d3000000| Untracked 
| 423|0x00000004d3800000, 0x00000004d3800000, 0x00000004d4000000|  0%| F|  |TAMS 0x00000004d3800000, 0x00000004d3800000| Untracked 
| 424|0x00000004d4000000, 0x00000004d4000000, 0x00000004d4800000|  0%| F|  |TAMS 0x00000004d4000000, 0x00000004d4000000| Untracked 
| 425|0x00000004d4800000, 0x00000004d4800000, 0x00000004d5000000|  0%| F|  |TAMS 0x00000004d4800000, 0x00000004d4800000| Untracked 
| 426|0x00000004d5000000, 0x00000004d5000000, 0x00000004d5800000|  0%| F|  |TAMS 0x00000004d5000000, 0x00000004d5000000| Untracked 
| 427|0x00000004d5800000, 0x00000004d5800000, 0x00000004d6000000|  0%| F|  |TAMS 0x00000004d5800000, 0x00000004d5800000| Untracked 
| 428|0x00000004d6000000, 0x00000004d6000000, 0x00000004d6800000|  0%| F|  |TAMS 0x00000004d6000000, 0x00000004d6000000| Untracked 
| 429|0x00000004d6800000, 0x00000004d6800000, 0x00000004d7000000|  0%| F|  |TAMS 0x00000004d6800000, 0x00000004d6800000| Untracked 
| 430|0x00000004d7000000, 0x00000004d7000000, 0x00000004d7800000|  0%| F|  |TAMS 0x00000004d7000000, 0x00000004d7000000| Untracked 
| 431|0x00000004d7800000, 0x00000004d7800000, 0x00000004d8000000|  0%| F|  |TAMS 0x00000004d7800000, 0x00000004d7800000| Untracked 
| 432|0x00000004d8000000, 0x00000004d8000000, 0x00000004d8800000|  0%| F|  |TAMS 0x00000004d8000000, 0x00000004d8000000| Untracked 
| 433|0x00000004d8800000, 0x00000004d8800000, 0x00000004d9000000|  0%| F|  |TAMS 0x00000004d8800000, 0x00000004d8800000| Untracked 
| 434|0x00000004d9000000, 0x00000004d9000000, 0x00000004d9800000|  0%| F|  |TAMS 0x00000004d9000000, 0x00000004d9000000| Untracked 
| 435|0x00000004d9800000, 0x00000004d9800000, 0x00000004da000000|  0%| F|  |TAMS 0x00000004d9800000, 0x00000004d9800000| Untracked 
| 436|0x00000004da000000, 0x00000004da000000, 0x00000004da800000|  0%| F|  |TAMS 0x00000004da000000, 0x00000004da000000| Untracked 
| 437|0x00000004da800000, 0x00000004da800000, 0x00000004db000000|  0%| F|  |TAMS 0x00000004da800000, 0x00000004da800000| Untracked 
| 438|0x00000004db000000, 0x00000004db000000, 0x00000004db800000|  0%| F|  |TAMS 0x00000004db000000, 0x00000004db000000| Untracked 
| 439|0x00000004db800000, 0x00000004db800000, 0x00000004dc000000|  0%| F|  |TAMS 0x00000004db800000, 0x00000004db800000| Untracked 
| 440|0x00000004dc000000, 0x00000004dc000000, 0x00000004dc800000|  0%| F|  |TAMS 0x00000004dc000000, 0x00000004dc000000| Untracked 
| 441|0x00000004dc800000, 0x00000004dc800000, 0x00000004dd000000|  0%| F|  |TAMS 0x00000004dc800000, 0x00000004dc800000| Untracked 
| 442|0x00000004dd000000, 0x00000004dd000000, 0x00000004dd800000|  0%| F|  |TAMS 0x00000004dd000000, 0x00000004dd000000| Untracked 
| 443|0x00000004dd800000, 0x00000004dd800000, 0x00000004de000000|  0%| F|  |TAMS 0x00000004dd800000, 0x00000004dd800000| Untracked 
| 444|0x00000004de000000, 0x00000004de000000, 0x00000004de800000|  0%| F|  |TAMS 0x00000004de000000, 0x00000004de000000| Untracked 
| 445|0x00000004de800000, 0x00000004de800000, 0x00000004df000000|  0%| F|  |TAMS 0x00000004de800000, 0x00000004de800000| Untracked 
| 446|0x00000004df000000, 0x00000004df000000, 0x00000004df800000|  0%| F|  |TAMS 0x00000004df000000, 0x00000004df000000| Untracked 
| 447|0x00000004df800000, 0x00000004df800000, 0x00000004e0000000|  0%| F|  |TAMS 0x00000004df800000, 0x00000004df800000| Untracked 
| 448|0x00000004e0000000, 0x00000004e0000000, 0x00000004e0800000|  0%| F|  |TAMS 0x00000004e0000000, 0x00000004e0000000| Untracked 
| 449|0x00000004e0800000, 0x00000004e0800000, 0x00000004e1000000|  0%| F|  |TAMS 0x00000004e0800000, 0x00000004e0800000| Untracked 
| 450|0x00000004e1000000, 0x00000004e1000000, 0x00000004e1800000|  0%| F|  |TAMS 0x00000004e1000000, 0x00000004e1000000| Untracked 
| 451|0x00000004e1800000, 0x00000004e1800000, 0x00000004e2000000|  0%| F|  |TAMS 0x00000004e1800000, 0x00000004e1800000| Untracked 
| 452|0x00000004e2000000, 0x00000004e2000000, 0x00000004e2800000|  0%| F|  |TAMS 0x00000004e2000000, 0x00000004e2000000| Untracked 
| 453|0x00000004e2800000, 0x00000004e2800000, 0x00000004e3000000|  0%| F|  |TAMS 0x00000004e2800000, 0x00000004e2800000| Untracked 
| 454|0x00000004e3000000, 0x00000004e3000000, 0x00000004e3800000|  0%| F|  |TAMS 0x00000004e3000000, 0x00000004e3000000| Untracked 
| 455|0x00000004e3800000, 0x00000004e3800000, 0x00000004e4000000|  0%| F|  |TAMS 0x00000004e3800000, 0x00000004e3800000| Untracked 
| 456|0x00000004e4000000, 0x00000004e4000000, 0x00000004e4800000|  0%| F|  |TAMS 0x00000004e4000000, 0x00000004e4000000| Untracked 
| 457|0x00000004e4800000, 0x00000004e4800000, 0x00000004e5000000|  0%| F|  |TAMS 0x00000004e4800000, 0x00000004e4800000| Untracked 
| 458|0x00000004e5000000, 0x00000004e5000000, 0x00000004e5800000|  0%| F|  |TAMS 0x00000004e5000000, 0x00000004e5000000| Untracked 
| 459|0x00000004e5800000, 0x00000004e5800000, 0x00000004e6000000|  0%| F|  |TAMS 0x00000004e5800000, 0x00000004e5800000| Untracked 
| 460|0x00000004e6000000, 0x00000004e6000000, 0x00000004e6800000|  0%| F|  |TAMS 0x00000004e6000000, 0x00000004e6000000| Untracked 
| 461|0x00000004e6800000, 0x00000004e6800000, 0x00000004e7000000|  0%| F|  |TAMS 0x00000004e6800000, 0x00000004e6800000| Untracked 
| 462|0x00000004e7000000, 0x00000004e7000000, 0x00000004e7800000|  0%| F|  |TAMS 0x00000004e7000000, 0x00000004e7000000| Untracked 
| 463|0x00000004e7800000, 0x00000004e7800000, 0x00000004e8000000|  0%| F|  |TAMS 0x00000004e7800000, 0x00000004e7800000| Untracked 
| 464|0x00000004e8000000, 0x00000004e8000000, 0x00000004e8800000|  0%| F|  |TAMS 0x00000004e8000000, 0x00000004e8000000| Untracked 
| 465|0x00000004e8800000, 0x00000004e8800000, 0x00000004e9000000|  0%| F|  |TAMS 0x00000004e8800000, 0x00000004e8800000| Untracked 
| 466|0x00000004e9000000, 0x00000004e9000000, 0x00000004e9800000|  0%| F|  |TAMS 0x00000004e9000000, 0x00000004e9000000| Untracked 
| 467|0x00000004e9800000, 0x00000004e9800000, 0x00000004ea000000|  0%| F|  |TAMS 0x00000004e9800000, 0x00000004e9800000| Untracked 
| 468|0x00000004ea000000, 0x00000004ea000000, 0x00000004ea800000|  0%| F|  |TAMS 0x00000004ea000000, 0x00000004ea000000| Untracked 
| 469|0x00000004ea800000, 0x00000004ea800000, 0x00000004eb000000|  0%| F|  |TAMS 0x00000004ea800000, 0x00000004ea800000| Untracked 
| 470|0x00000004eb000000, 0x00000004eb000000, 0x00000004eb800000|  0%| F|  |TAMS 0x00000004eb000000, 0x00000004eb000000| Untracked 
| 471|0x00000004eb800000, 0x00000004eb800000, 0x00000004ec000000|  0%| F|  |TAMS 0x00000004eb800000, 0x00000004eb800000| Untracked 
| 472|0x00000004ec000000, 0x00000004ec000000, 0x00000004ec800000|  0%| F|  |TAMS 0x00000004ec000000, 0x00000004ec000000| Untracked 
| 473|0x00000004ec800000, 0x00000004ec800000, 0x00000004ed000000|  0%| F|  |TAMS 0x00000004ec800000, 0x00000004ec800000| Untracked 
| 474|0x00000004ed000000, 0x00000004ed000000, 0x00000004ed800000|  0%| F|  |TAMS 0x00000004ed000000, 0x00000004ed000000| Untracked 
| 475|0x00000004ed800000, 0x00000004ed800000, 0x00000004ee000000|  0%| F|  |TAMS 0x00000004ed800000, 0x00000004ed800000| Untracked 
| 476|0x00000004ee000000, 0x00000004ee000000, 0x00000004ee800000|  0%| F|  |TAMS 0x00000004ee000000, 0x00000004ee000000| Untracked 
| 477|0x00000004ee800000, 0x00000004ee800000, 0x00000004ef000000|  0%| F|  |TAMS 0x00000004ee800000, 0x00000004ee800000| Untracked 
| 478|0x00000004ef000000, 0x00000004ef000000, 0x00000004ef800000|  0%| F|  |TAMS 0x00000004ef000000, 0x00000004ef000000| Untracked 
| 479|0x00000004ef800000, 0x00000004ef800000, 0x00000004f0000000|  0%| F|  |TAMS 0x00000004ef800000, 0x00000004ef800000| Untracked 
| 480|0x00000004f0000000, 0x00000004f0000000, 0x00000004f0800000|  0%| F|  |TAMS 0x00000004f0000000, 0x00000004f0000000| Untracked 
| 481|0x00000004f0800000, 0x00000004f0800000, 0x00000004f1000000|  0%| F|  |TAMS 0x00000004f0800000, 0x00000004f0800000| Untracked 
| 482|0x00000004f1000000, 0x00000004f1000000, 0x00000004f1800000|  0%| F|  |TAMS 0x00000004f1000000, 0x00000004f1000000| Untracked 
| 483|0x00000004f1800000, 0x00000004f1800000, 0x00000004f2000000|  0%| F|  |TAMS 0x00000004f1800000, 0x00000004f1800000| Untracked 
| 484|0x00000004f2000000, 0x00000004f2000000, 0x00000004f2800000|  0%| F|  |TAMS 0x00000004f2000000, 0x00000004f2000000| Untracked 
| 485|0x00000004f2800000, 0x00000004f2800000, 0x00000004f3000000|  0%| F|  |TAMS 0x00000004f2800000, 0x00000004f2800000| Untracked 
| 486|0x00000004f3000000, 0x00000004f3000000, 0x00000004f3800000|  0%| F|  |TAMS 0x00000004f3000000, 0x00000004f3000000| Untracked 
| 487|0x00000004f3800000, 0x00000004f3800000, 0x00000004f4000000|  0%| F|  |TAMS 0x00000004f3800000, 0x00000004f3800000| Untracked 
| 488|0x00000004f4000000, 0x00000004f4000000, 0x00000004f4800000|  0%| F|  |TAMS 0x00000004f4000000, 0x00000004f4000000| Untracked 
| 489|0x00000004f4800000, 0x00000004f4800000, 0x00000004f5000000|  0%| F|  |TAMS 0x00000004f4800000, 0x00000004f4800000| Untracked 
| 490|0x00000004f5000000, 0x00000004f5000000, 0x00000004f5800000|  0%| F|  |TAMS 0x00000004f5000000, 0x00000004f5000000| Untracked 
| 491|0x00000004f5800000, 0x00000004f5800000, 0x00000004f6000000|  0%| F|  |TAMS 0x00000004f5800000, 0x00000004f5800000| Untracked 
| 492|0x00000004f6000000, 0x00000004f6000000, 0x00000004f6800000|  0%| F|  |TAMS 0x00000004f6000000, 0x00000004f6000000| Untracked 
| 493|0x00000004f6800000, 0x00000004f6800000, 0x00000004f7000000|  0%| F|  |TAMS 0x00000004f6800000, 0x00000004f6800000| Untracked 
| 494|0x00000004f7000000, 0x00000004f7000000, 0x00000004f7800000|  0%| F|  |TAMS 0x00000004f7000000, 0x00000004f7000000| Untracked 
| 495|0x00000004f7800000, 0x00000004f7800000, 0x00000004f8000000|  0%| F|  |TAMS 0x00000004f7800000, 0x00000004f7800000| Untracked 
| 496|0x00000004f8000000, 0x00000004f8000000, 0x00000004f8800000|  0%| F|  |TAMS 0x00000004f8000000, 0x00000004f8000000| Untracked 
| 497|0x00000004f8800000, 0x00000004f8800000, 0x00000004f9000000|  0%| F|  |TAMS 0x00000004f8800000, 0x00000004f8800000| Untracked 
| 498|0x00000004f9000000, 0x00000004f9000000, 0x00000004f9800000|  0%| F|  |TAMS 0x00000004f9000000, 0x00000004f9000000| Untracked 
| 499|0x00000004f9800000, 0x00000004f9800000, 0x00000004fa000000|  0%| F|  |TAMS 0x00000004f9800000, 0x00000004f9800000| Untracked 
| 500|0x00000004fa000000, 0x00000004fa000000, 0x00000004fa800000|  0%| F|  |TAMS 0x00000004fa000000, 0x00000004fa000000| Untracked 
| 501|0x00000004fa800000, 0x00000004fa800000, 0x00000004fb000000|  0%| F|  |TAMS 0x00000004fa800000, 0x00000004fa800000| Untracked 
| 502|0x00000004fb000000, 0x00000004fb000000, 0x00000004fb800000|  0%| F|  |TAMS 0x00000004fb000000, 0x00000004fb000000| Untracked 
| 503|0x00000004fb800000, 0x00000004fb800000, 0x00000004fc000000|  0%| F|  |TAMS 0x00000004fb800000, 0x00000004fb800000| Untracked 
| 504|0x00000004fc000000, 0x00000004fc000000, 0x00000004fc800000|  0%| F|  |TAMS 0x00000004fc000000, 0x00000004fc000000| Untracked 
| 505|0x00000004fc800000, 0x00000004fc800000, 0x00000004fd000000|  0%| F|  |TAMS 0x00000004fc800000, 0x00000004fc800000| Untracked 
| 506|0x00000004fd000000, 0x00000004fd000000, 0x00000004fd800000|  0%| F|  |TAMS 0x00000004fd000000, 0x00000004fd000000| Untracked 
| 507|0x00000004fd800000, 0x00000004fd800000, 0x00000004fe000000|  0%| F|  |TAMS 0x00000004fd800000, 0x00000004fd800000| Untracked 
| 508|0x00000004fe000000, 0x00000004fe000000, 0x00000004fe800000|  0%| F|  |TAMS 0x00000004fe000000, 0x00000004fe000000| Untracked 
| 509|0x00000004fe800000, 0x00000004fe800000, 0x00000004ff000000|  0%| F|  |TAMS 0x00000004fe800000, 0x00000004fe800000| Untracked 
| 510|0x00000004ff000000, 0x00000004ff000000, 0x00000004ff800000|  0%| F|  |TAMS 0x00000004ff000000, 0x00000004ff000000| Untracked 
| 511|0x00000004ff800000, 0x00000004ff800000, 0x0000000500000000|  0%| F|  |TAMS 0x00000004ff800000, 0x00000004ff800000| Untracked 
| 512|0x0000000500000000, 0x0000000500000000, 0x0000000500800000|  0%| F|  |TAMS 0x0000000500000000, 0x0000000500000000| Untracked 
| 513|0x0000000500800000, 0x0000000500800000, 0x0000000501000000|  0%| F|  |TAMS 0x0000000500800000, 0x0000000500800000| Untracked 
| 514|0x0000000501000000, 0x0000000501000000, 0x0000000501800000|  0%| F|  |TAMS 0x0000000501000000, 0x0000000501000000| Untracked 
| 515|0x0000000501800000, 0x0000000501800000, 0x0000000502000000|  0%| F|  |TAMS 0x0000000501800000, 0x0000000501800000| Untracked 
| 516|0x0000000502000000, 0x0000000502000000, 0x0000000502800000|  0%| F|  |TAMS 0x0000000502000000, 0x0000000502000000| Untracked 
| 517|0x0000000502800000, 0x0000000502800000, 0x0000000503000000|  0%| F|  |TAMS 0x0000000502800000, 0x0000000502800000| Untracked 
| 518|0x0000000503000000, 0x0000000503000000, 0x0000000503800000|  0%| F|  |TAMS 0x0000000503000000, 0x0000000503000000| Untracked 
| 519|0x0000000503800000, 0x0000000503800000, 0x0000000504000000|  0%| F|  |TAMS 0x0000000503800000, 0x0000000503800000| Untracked 
| 520|0x0000000504000000, 0x0000000504000000, 0x0000000504800000|  0%| F|  |TAMS 0x0000000504000000, 0x0000000504000000| Untracked 
| 521|0x0000000504800000, 0x0000000504800000, 0x0000000505000000|  0%| F|  |TAMS 0x0000000504800000, 0x0000000504800000| Untracked 
| 522|0x0000000505000000, 0x0000000505000000, 0x0000000505800000|  0%| F|  |TAMS 0x0000000505000000, 0x0000000505000000| Untracked 
| 523|0x0000000505800000, 0x0000000505800000, 0x0000000506000000|  0%| F|  |TAMS 0x0000000505800000, 0x0000000505800000| Untracked 
| 524|0x0000000506000000, 0x0000000506000000, 0x0000000506800000|  0%| F|  |TAMS 0x0000000506000000, 0x0000000506000000| Untracked 
| 525|0x0000000506800000, 0x0000000506800000, 0x0000000507000000|  0%| F|  |TAMS 0x0000000506800000, 0x0000000506800000| Untracked 
| 526|0x0000000507000000, 0x0000000507000000, 0x0000000507800000|  0%| F|  |TAMS 0x0000000507000000, 0x0000000507000000| Untracked 
| 527|0x0000000507800000, 0x0000000507800000, 0x0000000508000000|  0%| F|  |TAMS 0x0000000507800000, 0x0000000507800000| Untracked 
| 528|0x0000000508000000, 0x0000000508000000, 0x0000000508800000|  0%| F|  |TAMS 0x0000000508000000, 0x0000000508000000| Untracked 
| 529|0x0000000508800000, 0x0000000508800000, 0x0000000509000000|  0%| F|  |TAMS 0x0000000508800000, 0x0000000508800000| Untracked 
| 530|0x0000000509000000, 0x0000000509000000, 0x0000000509800000|  0%| F|  |TAMS 0x0000000509000000, 0x0000000509000000| Untracked 
| 531|0x0000000509800000, 0x0000000509800000, 0x000000050a000000|  0%| F|  |TAMS 0x0000000509800000, 0x0000000509800000| Untracked 
| 532|0x000000050a000000, 0x000000050a000000, 0x000000050a800000|  0%| F|  |TAMS 0x000000050a000000, 0x000000050a000000| Untracked 
| 533|0x000000050a800000, 0x000000050a800000, 0x000000050b000000|  0%| F|  |TAMS 0x000000050a800000, 0x000000050a800000| Untracked 
| 534|0x000000050b000000, 0x000000050b400000, 0x000000050b800000| 50%| E|CS|TAMS 0x000000050b000000, 0x000000050b000000| Complete 
| 535|0x000000050b800000, 0x000000050c000000, 0x000000050c000000|100%| E|CS|TAMS 0x000000050b800000, 0x000000050b800000| Complete 
| 536|0x000000050c000000, 0x000000050c800000, 0x000000050c800000|100%| E|CS|TAMS 0x000000050c000000, 0x000000050c000000| Complete 
| 537|0x000000050c800000, 0x000000050d000000, 0x000000050d000000|100%| E|CS|TAMS 0x000000050c800000, 0x000000050c800000| Complete 
| 538|0x000000050d000000, 0x000000050d800000, 0x000000050d800000|100%| E|CS|TAMS 0x000000050d000000, 0x000000050d000000| Complete 
| 539|0x000000050d800000, 0x000000050e000000, 0x000000050e000000|100%| E|CS|TAMS 0x000000050d800000, 0x000000050d800000| Complete 
| 540|0x000000050e000000, 0x000000050e800000, 0x000000050e800000|100%| E|CS|TAMS 0x000000050e000000, 0x000000050e000000| Complete 
| 541|0x000000050e800000, 0x000000050f000000, 0x000000050f000000|100%| E|CS|TAMS 0x000000050e800000, 0x000000050e800000| Complete 
| 542|0x000000050f000000, 0x000000050f800000, 0x000000050f800000|100%| E|CS|TAMS 0x000000050f000000, 0x000000050f000000| Complete 
| 543|0x000000050f800000, 0x0000000510000000, 0x0000000510000000|100%| E|CS|TAMS 0x000000050f800000, 0x000000050f800000| Complete 
| 544|0x0000000510000000, 0x0000000510800000, 0x0000000510800000|100%| E|CS|TAMS 0x0000000510000000, 0x0000000510000000| Complete 
| 545|0x0000000510800000, 0x0000000510800000, 0x0000000511000000|  0%| F|  |TAMS 0x0000000510800000, 0x0000000510800000| Untracked 
| 546|0x0000000511000000, 0x0000000511000000, 0x0000000511800000|  0%| F|  |TAMS 0x0000000511000000, 0x0000000511000000| Untracked 
| 547|0x0000000511800000, 0x0000000511800000, 0x0000000512000000|  0%| F|  |TAMS 0x0000000511800000, 0x0000000511800000| Untracked 
| 548|0x0000000512000000, 0x0000000512000000, 0x0000000512800000|  0%| F|  |TAMS 0x0000000512000000, 0x0000000512000000| Untracked 
| 549|0x0000000512800000, 0x0000000512800000, 0x0000000513000000|  0%| F|  |TAMS 0x0000000512800000, 0x0000000512800000| Untracked 
| 550|0x0000000513000000, 0x0000000513000000, 0x0000000513800000|  0%| F|  |TAMS 0x0000000513000000, 0x0000000513000000| Untracked 
| 551|0x0000000513800000, 0x0000000513800000, 0x0000000514000000|  0%| F|  |TAMS 0x0000000513800000, 0x0000000513800000| Untracked 
| 552|0x0000000514000000, 0x0000000514000000, 0x0000000514800000|  0%| F|  |TAMS 0x0000000514000000, 0x0000000514000000| Untracked 
| 553|0x0000000514800000, 0x0000000514800000, 0x0000000515000000|  0%| F|  |TAMS 0x0000000514800000, 0x0000000514800000| Untracked 
| 554|0x0000000515000000, 0x0000000515000000, 0x0000000515800000|  0%| F|  |TAMS 0x0000000515000000, 0x0000000515000000| Untracked 
| 555|0x0000000515800000, 0x0000000515800000, 0x0000000516000000|  0%| F|  |TAMS 0x0000000515800000, 0x0000000515800000| Untracked 
| 556|0x0000000516000000, 0x0000000516000000, 0x0000000516800000|  0%| F|  |TAMS 0x0000000516000000, 0x0000000516000000| Untracked 
| 557|0x0000000516800000, 0x0000000516800000, 0x0000000517000000|  0%| F|  |TAMS 0x0000000516800000, 0x0000000516800000| Untracked 
| 558|0x0000000517000000, 0x0000000517000000, 0x0000000517800000|  0%| F|  |TAMS 0x0000000517000000, 0x0000000517000000| Untracked 
| 559|0x0000000517800000, 0x0000000517800000, 0x0000000518000000|  0%| F|  |TAMS 0x0000000517800000, 0x0000000517800000| Untracked 
| 560|0x0000000518000000, 0x0000000518000000, 0x0000000518800000|  0%| F|  |TAMS 0x0000000518000000, 0x0000000518000000| Untracked 
| 561|0x0000000518800000, 0x0000000518800000, 0x0000000519000000|  0%| F|  |TAMS 0x0000000518800000, 0x0000000518800000| Untracked 
| 562|0x0000000519000000, 0x0000000519000000, 0x0000000519800000|  0%| F|  |TAMS 0x0000000519000000, 0x0000000519000000| Untracked 
| 563|0x0000000519800000, 0x0000000519800000, 0x000000051a000000|  0%| F|  |TAMS 0x0000000519800000, 0x0000000519800000| Untracked 
| 564|0x000000051a000000, 0x000000051a000000, 0x000000051a800000|  0%| F|  |TAMS 0x000000051a000000, 0x000000051a000000| Untracked 
| 565|0x000000051a800000, 0x000000051a800000, 0x000000051b000000|  0%| F|  |TAMS 0x000000051a800000, 0x000000051a800000| Untracked 
| 566|0x000000051b000000, 0x000000051b000000, 0x000000051b800000|  0%| F|  |TAMS 0x000000051b000000, 0x000000051b000000| Untracked 
| 567|0x000000051b800000, 0x000000051b800000, 0x000000051c000000|  0%| F|  |TAMS 0x000000051b800000, 0x000000051b800000| Untracked 
| 568|0x000000051c000000, 0x000000051c000000, 0x000000051c800000|  0%| F|  |TAMS 0x000000051c000000, 0x000000051c000000| Untracked 
| 569|0x000000051c800000, 0x000000051c800000, 0x000000051d000000|  0%| F|  |TAMS 0x000000051c800000, 0x000000051c800000| Untracked 
| 570|0x000000051d000000, 0x000000051d000000, 0x000000051d800000|  0%| F|  |TAMS 0x000000051d000000, 0x000000051d000000| Untracked 
| 571|0x000000051d800000, 0x000000051d800000, 0x000000051e000000|  0%| F|  |TAMS 0x000000051d800000, 0x000000051d800000| Untracked 
| 572|0x000000051e000000, 0x000000051e000000, 0x000000051e800000|  0%| F|  |TAMS 0x000000051e000000, 0x000000051e000000| Untracked 
| 573|0x000000051e800000, 0x000000051e800000, 0x000000051f000000|  0%| F|  |TAMS 0x000000051e800000, 0x000000051e800000| Untracked 
| 574|0x000000051f000000, 0x000000051f000000, 0x000000051f800000|  0%| F|  |TAMS 0x000000051f000000, 0x000000051f000000| Untracked 
| 575|0x000000051f800000, 0x000000051f800000, 0x0000000520000000|  0%| F|  |TAMS 0x000000051f800000, 0x000000051f800000| Untracked 
| 576|0x0000000520000000, 0x0000000520000000, 0x0000000520800000|  0%| F|  |TAMS 0x0000000520000000, 0x0000000520000000| Untracked 
| 577|0x0000000520800000, 0x0000000520800000, 0x0000000521000000|  0%| F|  |TAMS 0x0000000520800000, 0x0000000520800000| Untracked 
| 578|0x0000000521000000, 0x0000000521000000, 0x0000000521800000|  0%| F|  |TAMS 0x0000000521000000, 0x0000000521000000| Untracked 
| 579|0x0000000521800000, 0x0000000521800000, 0x0000000522000000|  0%| F|  |TAMS 0x0000000521800000, 0x0000000521800000| Untracked 
| 580|0x0000000522000000, 0x0000000522000000, 0x0000000522800000|  0%| F|  |TAMS 0x0000000522000000, 0x0000000522000000| Untracked 
| 581|0x0000000522800000, 0x0000000522800000, 0x0000000523000000|  0%| F|  |TAMS 0x0000000522800000, 0x0000000522800000| Untracked 
| 582|0x0000000523000000, 0x0000000523000000, 0x0000000523800000|  0%| F|  |TAMS 0x0000000523000000, 0x0000000523000000| Untracked 
| 583|0x0000000523800000, 0x0000000523800000, 0x0000000524000000|  0%| F|  |TAMS 0x0000000523800000, 0x0000000523800000| Untracked 
| 584|0x0000000524000000, 0x0000000524000000, 0x0000000524800000|  0%| F|  |TAMS 0x0000000524000000, 0x0000000524000000| Untracked 
| 585|0x0000000524800000, 0x0000000524800000, 0x0000000525000000|  0%| F|  |TAMS 0x0000000524800000, 0x0000000524800000| Untracked 
| 586|0x0000000525000000, 0x0000000525000000, 0x0000000525800000|  0%| F|  |TAMS 0x0000000525000000, 0x0000000525000000| Untracked 
| 587|0x0000000525800000, 0x0000000525800000, 0x0000000526000000|  0%| F|  |TAMS 0x0000000525800000, 0x0000000525800000| Untracked 
| 588|0x0000000526000000, 0x0000000526000000, 0x0000000526800000|  0%| F|  |TAMS 0x0000000526000000, 0x0000000526000000| Untracked 
| 589|0x0000000526800000, 0x0000000526800000, 0x0000000527000000|  0%| F|  |TAMS 0x0000000526800000, 0x0000000526800000| Untracked 
| 590|0x0000000527000000, 0x0000000527000000, 0x0000000527800000|  0%| F|  |TAMS 0x0000000527000000, 0x0000000527000000| Untracked 
| 591|0x0000000527800000, 0x0000000527800000, 0x0000000528000000|  0%| F|  |TAMS 0x0000000527800000, 0x0000000527800000| Untracked 
| 592|0x0000000528000000, 0x0000000528000000, 0x0000000528800000|  0%| F|  |TAMS 0x0000000528000000, 0x0000000528000000| Untracked 
| 593|0x0000000528800000, 0x0000000528800000, 0x0000000529000000|  0%| F|  |TAMS 0x0000000528800000, 0x0000000528800000| Untracked 
| 594|0x0000000529000000, 0x0000000529000000, 0x0000000529800000|  0%| F|  |TAMS 0x0000000529000000, 0x0000000529000000| Untracked 
| 595|0x0000000529800000, 0x0000000529800000, 0x000000052a000000|  0%| F|  |TAMS 0x0000000529800000, 0x0000000529800000| Untracked 
| 596|0x000000052a000000, 0x000000052a000000, 0x000000052a800000|  0%| F|  |TAMS 0x000000052a000000, 0x000000052a000000| Untracked 
| 597|0x000000052a800000, 0x000000052a800000, 0x000000052b000000|  0%| F|  |TAMS 0x000000052a800000, 0x000000052a800000| Untracked 
| 598|0x000000052b000000, 0x000000052b000000, 0x000000052b800000|  0%| F|  |TAMS 0x000000052b000000, 0x000000052b000000| Untracked 
| 599|0x000000052b800000, 0x000000052b800000, 0x000000052c000000|  0%| F|  |TAMS 0x000000052b800000, 0x000000052b800000| Untracked 
| 600|0x000000052c000000, 0x000000052c000000, 0x000000052c800000|  0%| F|  |TAMS 0x000000052c000000, 0x000000052c000000| Untracked 
| 601|0x000000052c800000, 0x000000052c800000, 0x000000052d000000|  0%| F|  |TAMS 0x000000052c800000, 0x000000052c800000| Untracked 
| 602|0x000000052d000000, 0x000000052d000000, 0x000000052d800000|  0%| F|  |TAMS 0x000000052d000000, 0x000000052d000000| Untracked 
| 603|0x000000052d800000, 0x000000052d800000, 0x000000052e000000|  0%| F|  |TAMS 0x000000052d800000, 0x000000052d800000| Untracked 
| 604|0x000000052e000000, 0x000000052e000000, 0x000000052e800000|  0%| F|  |TAMS 0x000000052e000000, 0x000000052e000000| Untracked 
| 605|0x000000052e800000, 0x000000052e800000, 0x000000052f000000|  0%| F|  |TAMS 0x000000052e800000, 0x000000052e800000| Untracked 
| 606|0x000000052f000000, 0x000000052f000000, 0x000000052f800000|  0%| F|  |TAMS 0x000000052f000000, 0x000000052f000000| Untracked 
| 607|0x000000052f800000, 0x000000052f800000, 0x0000000530000000|  0%| F|  |TAMS 0x000000052f800000, 0x000000052f800000| Untracked 
| 608|0x0000000530000000, 0x0000000530000000, 0x0000000530800000|  0%| F|  |TAMS 0x0000000530000000, 0x0000000530000000| Untracked 
| 609|0x0000000530800000, 0x0000000530800000, 0x0000000531000000|  0%| F|  |TAMS 0x0000000530800000, 0x0000000530800000| Untracked 
| 610|0x0000000531000000, 0x0000000531000000, 0x0000000531800000|  0%| F|  |TAMS 0x0000000531000000, 0x0000000531000000| Untracked 
| 611|0x0000000531800000, 0x0000000531800000, 0x0000000532000000|  0%| F|  |TAMS 0x0000000531800000, 0x0000000531800000| Untracked 
| 612|0x0000000532000000, 0x0000000532000000, 0x0000000532800000|  0%| F|  |TAMS 0x0000000532000000, 0x0000000532000000| Untracked 
| 613|0x0000000532800000, 0x0000000532800000, 0x0000000533000000|  0%| F|  |TAMS 0x0000000532800000, 0x0000000532800000| Untracked 
| 614|0x0000000533000000, 0x0000000533000000, 0x0000000533800000|  0%| F|  |TAMS 0x0000000533000000, 0x0000000533000000| Untracked 
| 615|0x0000000533800000, 0x0000000533800000, 0x0000000534000000|  0%| F|  |TAMS 0x0000000533800000, 0x0000000533800000| Untracked 
| 616|0x0000000534000000, 0x0000000534000000, 0x0000000534800000|  0%| F|  |TAMS 0x0000000534000000, 0x0000000534000000| Untracked 
| 617|0x0000000534800000, 0x0000000534800000, 0x0000000535000000|  0%| F|  |TAMS 0x0000000534800000, 0x0000000534800000| Untracked 
| 618|0x0000000535000000, 0x0000000535000000, 0x0000000535800000|  0%| F|  |TAMS 0x0000000535000000, 0x0000000535000000| Untracked 
| 619|0x0000000535800000, 0x0000000535800000, 0x0000000536000000|  0%| F|  |TAMS 0x0000000535800000, 0x0000000535800000| Untracked 
| 620|0x0000000536000000, 0x0000000536000000, 0x0000000536800000|  0%| F|  |TAMS 0x0000000536000000, 0x0000000536000000| Untracked 
| 621|0x0000000536800000, 0x0000000536800000, 0x0000000537000000|  0%| F|  |TAMS 0x0000000536800000, 0x0000000536800000| Untracked 
| 622|0x0000000537000000, 0x0000000537000000, 0x0000000537800000|  0%| F|  |TAMS 0x0000000537000000, 0x0000000537000000| Untracked 
| 623|0x0000000537800000, 0x0000000538000000, 0x0000000538000000|100%| E|CS|TAMS 0x0000000537800000, 0x0000000537800000| Complete 
| 624|0x0000000538000000, 0x0000000538800000, 0x0000000538800000|100%| E|CS|TAMS 0x0000000538000000, 0x0000000538000000| Complete 
| 625|0x0000000538800000, 0x0000000539000000, 0x0000000539000000|100%| E|CS|TAMS 0x0000000538800000, 0x0000000538800000| Complete 
| 626|0x0000000539000000, 0x0000000539800000, 0x0000000539800000|100%| E|CS|TAMS 0x0000000539000000, 0x0000000539000000| Complete 
| 627|0x0000000539800000, 0x000000053a000000, 0x000000053a000000|100%| E|CS|TAMS 0x0000000539800000, 0x0000000539800000| Complete 
| 628|0x000000053a000000, 0x000000053a800000, 0x000000053a800000|100%| E|CS|TAMS 0x000000053a000000, 0x000000053a000000| Complete 
| 629|0x000000053a800000, 0x000000053b000000, 0x000000053b000000|100%| E|CS|TAMS 0x000000053a800000, 0x000000053a800000| Complete 
| 630|0x000000053b000000, 0x000000053b800000, 0x000000053b800000|100%| E|CS|TAMS 0x000000053b000000, 0x000000053b000000| Complete 
| 631|0x000000053b800000, 0x000000053c000000, 0x000000053c000000|100%| E|CS|TAMS 0x000000053b800000, 0x000000053b800000| Complete 
| 632|0x000000053c000000, 0x000000053c800000, 0x000000053c800000|100%| E|CS|TAMS 0x000000053c000000, 0x000000053c000000| Complete 
| 633|0x000000053c800000, 0x000000053d000000, 0x000000053d000000|100%| E|CS|TAMS 0x000000053c800000, 0x000000053c800000| Complete 
| 634|0x000000053d000000, 0x000000053d800000, 0x000000053d800000|100%| E|CS|TAMS 0x000000053d000000, 0x000000053d000000| Complete 
| 635|0x000000053d800000, 0x000000053e000000, 0x000000053e000000|100%| E|CS|TAMS 0x000000053d800000, 0x000000053d800000| Complete 
| 636|0x000000053e000000, 0x000000053e800000, 0x000000053e800000|100%| E|CS|TAMS 0x000000053e000000, 0x000000053e000000| Complete 
| 637|0x000000053e800000, 0x000000053f000000, 0x000000053f000000|100%| E|CS|TAMS 0x000000053e800000, 0x000000053e800000| Complete 
| 638|0x000000053f000000, 0x000000053f800000, 0x000000053f800000|100%| E|CS|TAMS 0x000000053f000000, 0x000000053f000000| Complete 
| 639|0x000000053f800000, 0x0000000540000000, 0x0000000540000000|100%| E|CS|TAMS 0x000000053f800000, 0x000000053f800000| Complete 
| 640|0x0000000540000000, 0x0000000540800000, 0x0000000540800000|100%| E|CS|TAMS 0x0000000540000000, 0x0000000540000000| Complete 
| 641|0x0000000540800000, 0x0000000541000000, 0x0000000541000000|100%| E|CS|TAMS 0x0000000540800000, 0x0000000540800000| Complete 
| 642|0x0000000541000000, 0x0000000541800000, 0x0000000541800000|100%| E|CS|TAMS 0x0000000541000000, 0x0000000541000000| Complete 
| 643|0x0000000541800000, 0x0000000542000000, 0x0000000542000000|100%| E|CS|TAMS 0x0000000541800000, 0x0000000541800000| Complete 
| 644|0x0000000542000000, 0x0000000542800000, 0x0000000542800000|100%| E|CS|TAMS 0x0000000542000000, 0x0000000542000000| Complete 
| 645|0x0000000542800000, 0x0000000542800000, 0x0000000543000000|  0%| F|  |TAMS 0x0000000542800000, 0x0000000542800000| Untracked 
| 646|0x0000000543000000, 0x0000000543800000, 0x0000000543800000|100%| E|CS|TAMS 0x0000000543000000, 0x0000000543000000| Complete 
| 647|0x0000000543800000, 0x0000000544000000, 0x0000000544000000|100%| E|CS|TAMS 0x0000000543800000, 0x0000000543800000| Complete 
| 648|0x0000000544000000, 0x0000000544800000, 0x0000000544800000|100%| E|CS|TAMS 0x0000000544000000, 0x0000000544000000| Complete 
| 649|0x0000000544800000, 0x0000000545000000, 0x0000000545000000|100%| E|CS|TAMS 0x0000000544800000, 0x0000000544800000| Complete 
| 650|0x0000000545000000, 0x0000000545800000, 0x0000000545800000|100%| E|CS|TAMS 0x0000000545000000, 0x0000000545000000| Complete 
| 651|0x0000000545800000, 0x0000000546000000, 0x0000000546000000|100%| E|CS|TAMS 0x0000000545800000, 0x0000000545800000| Complete 
| 652|0x0000000546000000, 0x0000000546800000, 0x0000000546800000|100%| E|CS|TAMS 0x0000000546000000, 0x0000000546000000| Complete 
| 653|0x0000000546800000, 0x0000000547000000, 0x0000000547000000|100%| E|CS|TAMS 0x0000000546800000, 0x0000000546800000| Complete 
| 654|0x0000000547000000, 0x0000000547800000, 0x0000000547800000|100%| E|CS|TAMS 0x0000000547000000, 0x0000000547000000| Complete 
| 655|0x0000000547800000, 0x0000000548000000, 0x0000000548000000|100%| E|CS|TAMS 0x0000000547800000, 0x0000000547800000| Complete 
| 656|0x0000000548000000, 0x0000000548800000, 0x0000000548800000|100%| E|CS|TAMS 0x0000000548000000, 0x0000000548000000| Complete 
| 657|0x0000000548800000, 0x0000000549000000, 0x0000000549000000|100%| E|CS|TAMS 0x0000000548800000, 0x0000000548800000| Complete 
| 658|0x0000000549000000, 0x0000000549800000, 0x0000000549800000|100%| E|CS|TAMS 0x0000000549000000, 0x0000000549000000| Complete 
| 659|0x0000000549800000, 0x000000054a000000, 0x000000054a000000|100%| E|CS|TAMS 0x0000000549800000, 0x0000000549800000| Complete 
| 660|0x000000054a000000, 0x000000054a800000, 0x000000054a800000|100%| E|CS|TAMS 0x000000054a000000, 0x000000054a000000| Complete 
| 661|0x000000054a800000, 0x000000054b000000, 0x000000054b000000|100%| E|CS|TAMS 0x000000054a800000, 0x000000054a800000| Complete 
| 662|0x000000054b000000, 0x000000054b800000, 0x000000054b800000|100%| E|CS|TAMS 0x000000054b000000, 0x000000054b000000| Complete 
| 663|0x000000054b800000, 0x000000054c000000, 0x000000054c000000|100%| E|CS|TAMS 0x000000054b800000, 0x000000054b800000| Complete 
| 664|0x000000054c000000, 0x000000054c800000, 0x000000054c800000|100%| E|CS|TAMS 0x000000054c000000, 0x000000054c000000| Complete 
| 665|0x000000054c800000, 0x000000054d000000, 0x000000054d000000|100%| E|CS|TAMS 0x000000054c800000, 0x000000054c800000| Complete 
| 666|0x000000054d000000, 0x000000054d800000, 0x000000054d800000|100%| E|CS|TAMS 0x000000054d000000, 0x000000054d000000| Complete 
| 667|0x000000054d800000, 0x000000054e000000, 0x000000054e000000|100%| E|CS|TAMS 0x000000054d800000, 0x000000054d800000| Complete 
| 668|0x000000054e000000, 0x000000054e800000, 0x000000054e800000|100%| E|CS|TAMS 0x000000054e000000, 0x000000054e000000| Complete 
| 669|0x000000054e800000, 0x000000054f000000, 0x000000054f000000|100%| E|CS|TAMS 0x000000054e800000, 0x000000054e800000| Complete 
| 670|0x000000054f000000, 0x000000054f800000, 0x000000054f800000|100%| E|CS|TAMS 0x000000054f000000, 0x000000054f000000| Complete 
| 671|0x000000054f800000, 0x0000000550000000, 0x0000000550000000|100%| E|CS|TAMS 0x000000054f800000, 0x000000054f800000| Complete 
| 672|0x0000000550000000, 0x0000000550800000, 0x0000000550800000|100%| E|CS|TAMS 0x0000000550000000, 0x0000000550000000| Complete 
| 673|0x0000000550800000, 0x0000000551000000, 0x0000000551000000|100%| E|CS|TAMS 0x0000000550800000, 0x0000000550800000| Complete 
| 674|0x0000000551000000, 0x0000000551800000, 0x0000000551800000|100%| E|CS|TAMS 0x0000000551000000, 0x0000000551000000| Complete 
| 675|0x0000000551800000, 0x0000000552000000, 0x0000000552000000|100%| E|CS|TAMS 0x0000000551800000, 0x0000000551800000| Complete 
| 676|0x0000000552000000, 0x0000000552800000, 0x0000000552800000|100%| E|CS|TAMS 0x0000000552000000, 0x0000000552000000| Complete 
| 677|0x0000000552800000, 0x0000000553000000, 0x0000000553000000|100%| E|CS|TAMS 0x0000000552800000, 0x0000000552800000| Complete 
| 678|0x0000000553000000, 0x0000000553800000, 0x0000000553800000|100%| E|CS|TAMS 0x0000000553000000, 0x0000000553000000| Complete 
| 679|0x0000000553800000, 0x0000000554000000, 0x0000000554000000|100%| E|CS|TAMS 0x0000000553800000, 0x0000000553800000| Complete 
| 680|0x0000000554000000, 0x0000000554800000, 0x0000000554800000|100%| E|CS|TAMS 0x0000000554000000, 0x0000000554000000| Complete 
| 681|0x0000000554800000, 0x0000000555000000, 0x0000000555000000|100%| E|CS|TAMS 0x0000000554800000, 0x0000000554800000| Complete 
| 682|0x0000000555000000, 0x0000000555800000, 0x0000000555800000|100%| E|CS|TAMS 0x0000000555000000, 0x0000000555000000| Complete 
| 683|0x0000000555800000, 0x0000000556000000, 0x0000000556000000|100%| E|CS|TAMS 0x0000000555800000, 0x0000000555800000| Complete 
| 684|0x0000000556000000, 0x0000000556800000, 0x0000000556800000|100%| E|CS|TAMS 0x0000000556000000, 0x0000000556000000| Complete 
| 685|0x0000000556800000, 0x0000000557000000, 0x0000000557000000|100%| E|CS|TAMS 0x0000000556800000, 0x0000000556800000| Complete 
| 686|0x0000000557000000, 0x0000000557800000, 0x0000000557800000|100%| E|CS|TAMS 0x0000000557000000, 0x0000000557000000| Complete 
| 687|0x0000000557800000, 0x0000000558000000, 0x0000000558000000|100%| E|CS|TAMS 0x0000000557800000, 0x0000000557800000| Complete 
| 688|0x0000000558000000, 0x0000000558800000, 0x0000000558800000|100%| E|CS|TAMS 0x0000000558000000, 0x0000000558000000| Complete 
| 689|0x0000000558800000, 0x0000000559000000, 0x0000000559000000|100%| E|CS|TAMS 0x0000000558800000, 0x0000000558800000| Complete 
| 690|0x0000000559000000, 0x0000000559800000, 0x0000000559800000|100%| E|CS|TAMS 0x0000000559000000, 0x0000000559000000| Complete 
| 691|0x0000000559800000, 0x000000055a000000, 0x000000055a000000|100%| E|CS|TAMS 0x0000000559800000, 0x0000000559800000| Complete 
| 692|0x000000055a000000, 0x000000055a800000, 0x000000055a800000|100%| E|CS|TAMS 0x000000055a000000, 0x000000055a000000| Complete 
| 693|0x000000055a800000, 0x000000055b000000, 0x000000055b000000|100%| E|CS|TAMS 0x000000055a800000, 0x000000055a800000| Complete 
| 694|0x000000055b000000, 0x000000055b800000, 0x000000055b800000|100%| E|CS|TAMS 0x000000055b000000, 0x000000055b000000| Complete 
| 695|0x000000055b800000, 0x000000055c000000, 0x000000055c000000|100%| E|CS|TAMS 0x000000055b800000, 0x000000055b800000| Complete 
| 696|0x000000055c000000, 0x000000055c800000, 0x000000055c800000|100%| E|CS|TAMS 0x000000055c000000, 0x000000055c000000| Complete 
| 697|0x000000055c800000, 0x000000055d000000, 0x000000055d000000|100%| E|CS|TAMS 0x000000055c800000, 0x000000055c800000| Complete 
| 698|0x000000055d000000, 0x000000055d800000, 0x000000055d800000|100%| E|CS|TAMS 0x000000055d000000, 0x000000055d000000| Complete 
| 699|0x000000055d800000, 0x000000055e000000, 0x000000055e000000|100%| E|CS|TAMS 0x000000055d800000, 0x000000055d800000| Complete 
| 700|0x000000055e000000, 0x000000055e800000, 0x000000055e800000|100%| E|CS|TAMS 0x000000055e000000, 0x000000055e000000| Complete 
| 701|0x000000055e800000, 0x000000055f000000, 0x000000055f000000|100%| E|CS|TAMS 0x000000055e800000, 0x000000055e800000| Complete 
| 702|0x000000055f000000, 0x000000055f800000, 0x000000055f800000|100%| E|CS|TAMS 0x000000055f000000, 0x000000055f000000| Complete 
| 703|0x000000055f800000, 0x000000055f800000, 0x0000000560000000|  0%| F|  |TAMS 0x000000055f800000, 0x000000055f800000| Untracked 
| 704|0x0000000560000000, 0x0000000560000000, 0x0000000560800000|  0%| F|  |TAMS 0x0000000560000000, 0x0000000560000000| Untracked 
| 705|0x0000000560800000, 0x0000000560800000, 0x0000000561000000|  0%| F|  |TAMS 0x0000000560800000, 0x0000000560800000| Untracked 
| 706|0x0000000561000000, 0x0000000561000000, 0x0000000561800000|  0%| F|  |TAMS 0x0000000561000000, 0x0000000561000000| Untracked 
| 707|0x0000000561800000, 0x0000000561800000, 0x0000000562000000|  0%| F|  |TAMS 0x0000000561800000, 0x0000000561800000| Untracked 
| 708|0x0000000562000000, 0x0000000562000000, 0x0000000562800000|  0%| F|  |TAMS 0x0000000562000000, 0x0000000562000000| Untracked 
| 709|0x0000000562800000, 0x0000000562800000, 0x0000000563000000|  0%| F|  |TAMS 0x0000000562800000, 0x0000000562800000| Untracked 
| 710|0x0000000563000000, 0x0000000563000000, 0x0000000563800000|  0%| F|  |TAMS 0x0000000563000000, 0x0000000563000000| Untracked 
| 711|0x0000000563800000, 0x0000000563800000, 0x0000000564000000|  0%| F|  |TAMS 0x0000000563800000, 0x0000000563800000| Untracked 
| 712|0x0000000564000000, 0x0000000564000000, 0x0000000564800000|  0%| F|  |TAMS 0x0000000564000000, 0x0000000564000000| Untracked 
| 713|0x0000000564800000, 0x0000000564800000, 0x0000000565000000|  0%| F|  |TAMS 0x0000000564800000, 0x0000000564800000| Untracked 
| 714|0x0000000565000000, 0x0000000565000000, 0x0000000565800000|  0%| F|  |TAMS 0x0000000565000000, 0x0000000565000000| Untracked 
| 715|0x0000000565800000, 0x0000000565800000, 0x0000000566000000|  0%| F|  |TAMS 0x0000000565800000, 0x0000000565800000| Untracked 
| 716|0x0000000566000000, 0x0000000566000000, 0x0000000566800000|  0%| F|  |TAMS 0x0000000566000000, 0x0000000566000000| Untracked 
| 717|0x0000000566800000, 0x0000000566800000, 0x0000000567000000|  0%| F|  |TAMS 0x0000000566800000, 0x0000000566800000| Untracked 
| 718|0x0000000567000000, 0x0000000567000000, 0x0000000567800000|  0%| F|  |TAMS 0x0000000567000000, 0x0000000567000000| Untracked 
| 719|0x0000000567800000, 0x0000000567800000, 0x0000000568000000|  0%| F|  |TAMS 0x0000000567800000, 0x0000000567800000| Untracked 
| 720|0x0000000568000000, 0x0000000568000000, 0x0000000568800000|  0%| F|  |TAMS 0x0000000568000000, 0x0000000568000000| Untracked 
| 721|0x0000000568800000, 0x0000000568800000, 0x0000000569000000|  0%| F|  |TAMS 0x0000000568800000, 0x0000000568800000| Untracked 
| 722|0x0000000569000000, 0x0000000569000000, 0x0000000569800000|  0%| F|  |TAMS 0x0000000569000000, 0x0000000569000000| Untracked 
| 723|0x0000000569800000, 0x0000000569800000, 0x000000056a000000|  0%| F|  |TAMS 0x0000000569800000, 0x0000000569800000| Untracked 
| 724|0x000000056a000000, 0x000000056a000000, 0x000000056a800000|  0%| F|  |TAMS 0x000000056a000000, 0x000000056a000000| Untracked 
| 725|0x000000056a800000, 0x000000056a800000, 0x000000056b000000|  0%| F|  |TAMS 0x000000056a800000, 0x000000056a800000| Untracked 
| 726|0x000000056b000000, 0x000000056b000000, 0x000000056b800000|  0%| F|  |TAMS 0x000000056b000000, 0x000000056b000000| Untracked 
| 727|0x000000056b800000, 0x000000056b800000, 0x000000056c000000|  0%| F|  |TAMS 0x000000056b800000, 0x000000056b800000| Untracked 
| 728|0x000000056c000000, 0x000000056c000000, 0x000000056c800000|  0%| F|  |TAMS 0x000000056c000000, 0x000000056c000000| Untracked 
| 729|0x000000056c800000, 0x000000056c800000, 0x000000056d000000|  0%| F|  |TAMS 0x000000056c800000, 0x000000056c800000| Untracked 
| 730|0x000000056d000000, 0x000000056d000000, 0x000000056d800000|  0%| F|  |TAMS 0x000000056d000000, 0x000000056d000000| Untracked 
| 731|0x000000056d800000, 0x000000056d800000, 0x000000056e000000|  0%| F|  |TAMS 0x000000056d800000, 0x000000056d800000| Untracked 
| 732|0x000000056e000000, 0x000000056e000000, 0x000000056e800000|  0%| F|  |TAMS 0x000000056e000000, 0x000000056e000000| Untracked 
| 733|0x000000056e800000, 0x000000056e800000, 0x000000056f000000|  0%| F|  |TAMS 0x000000056e800000, 0x000000056e800000| Untracked 
| 734|0x000000056f000000, 0x000000056f000000, 0x000000056f800000|  0%| F|  |TAMS 0x000000056f000000, 0x000000056f000000| Untracked 
| 735|0x000000056f800000, 0x000000056f800000, 0x0000000570000000|  0%| F|  |TAMS 0x000000056f800000, 0x000000056f800000| Untracked 
| 736|0x0000000570000000, 0x0000000570000000, 0x0000000570800000|  0%| F|  |TAMS 0x0000000570000000, 0x0000000570000000| Untracked 
| 737|0x0000000570800000, 0x0000000570800000, 0x0000000571000000|  0%| F|  |TAMS 0x0000000570800000, 0x0000000570800000| Untracked 
| 738|0x0000000571000000, 0x0000000571000000, 0x0000000571800000|  0%| F|  |TAMS 0x0000000571000000, 0x0000000571000000| Untracked 
| 739|0x0000000571800000, 0x0000000571800000, 0x0000000572000000|  0%| F|  |TAMS 0x0000000571800000, 0x0000000571800000| Untracked 
| 740|0x0000000572000000, 0x0000000572000000, 0x0000000572800000|  0%| F|  |TAMS 0x0000000572000000, 0x0000000572000000| Untracked 
| 741|0x0000000572800000, 0x0000000572800000, 0x0000000573000000|  0%| F|  |TAMS 0x0000000572800000, 0x0000000572800000| Untracked 
| 742|0x0000000573000000, 0x0000000573000000, 0x0000000573800000|  0%| F|  |TAMS 0x0000000573000000, 0x0000000573000000| Untracked 
| 743|0x0000000573800000, 0x0000000573800000, 0x0000000574000000|  0%| F|  |TAMS 0x0000000573800000, 0x0000000573800000| Untracked 
| 744|0x0000000574000000, 0x0000000574000000, 0x0000000574800000|  0%| F|  |TAMS 0x0000000574000000, 0x0000000574000000| Untracked 
| 745|0x0000000574800000, 0x0000000574800000, 0x0000000575000000|  0%| F|  |TAMS 0x0000000574800000, 0x0000000574800000| Untracked 
| 746|0x0000000575000000, 0x0000000575000000, 0x0000000575800000|  0%| F|  |TAMS 0x0000000575000000, 0x0000000575000000| Untracked 
| 747|0x0000000575800000, 0x0000000575800000, 0x0000000576000000|  0%| F|  |TAMS 0x0000000575800000, 0x0000000575800000| Untracked 
| 748|0x0000000576000000, 0x0000000576000000, 0x0000000576800000|  0%| F|  |TAMS 0x0000000576000000, 0x0000000576000000| Untracked 
| 749|0x0000000576800000, 0x0000000576800000, 0x0000000577000000|  0%| F|  |TAMS 0x0000000576800000, 0x0000000576800000| Untracked 
| 750|0x0000000577000000, 0x0000000577000000, 0x0000000577800000|  0%| F|  |TAMS 0x0000000577000000, 0x0000000577000000| Untracked 
| 751|0x0000000577800000, 0x0000000577800000, 0x0000000578000000|  0%| F|  |TAMS 0x0000000577800000, 0x0000000577800000| Untracked 
| 752|0x0000000578000000, 0x0000000578000000, 0x0000000578800000|  0%| F|  |TAMS 0x0000000578000000, 0x0000000578000000| Untracked 
| 753|0x0000000578800000, 0x0000000578800000, 0x0000000579000000|  0%| F|  |TAMS 0x0000000578800000, 0x0000000578800000| Untracked 
| 754|0x0000000579000000, 0x0000000579000000, 0x0000000579800000|  0%| F|  |TAMS 0x0000000579000000, 0x0000000579000000| Untracked 
| 755|0x0000000579800000, 0x0000000579800000, 0x000000057a000000|  0%| F|  |TAMS 0x0000000579800000, 0x0000000579800000| Untracked 
| 756|0x000000057a000000, 0x000000057a000000, 0x000000057a800000|  0%| F|  |TAMS 0x000000057a000000, 0x000000057a000000| Untracked 
| 757|0x000000057a800000, 0x000000057a800000, 0x000000057b000000|  0%| F|  |TAMS 0x000000057a800000, 0x000000057a800000| Untracked 
| 758|0x000000057b000000, 0x000000057b000000, 0x000000057b800000|  0%| F|  |TAMS 0x000000057b000000, 0x000000057b000000| Untracked 
| 759|0x000000057b800000, 0x000000057b800000, 0x000000057c000000|  0%| F|  |TAMS 0x000000057b800000, 0x000000057b800000| Untracked 
| 760|0x000000057c000000, 0x000000057c000000, 0x000000057c800000|  0%| F|  |TAMS 0x000000057c000000, 0x000000057c000000| Untracked 
| 761|0x000000057c800000, 0x000000057c800000, 0x000000057d000000|  0%| F|  |TAMS 0x000000057c800000, 0x000000057c800000| Untracked 
| 762|0x000000057d000000, 0x000000057d000000, 0x000000057d800000|  0%| F|  |TAMS 0x000000057d000000, 0x000000057d000000| Untracked 
| 763|0x000000057d800000, 0x000000057d800000, 0x000000057e000000|  0%| F|  |TAMS 0x000000057d800000, 0x000000057d800000| Untracked 
| 764|0x000000057e000000, 0x000000057e000000, 0x000000057e800000|  0%| F|  |TAMS 0x000000057e000000, 0x000000057e000000| Untracked 
| 765|0x000000057e800000, 0x000000057e800000, 0x000000057f000000|  0%| F|  |TAMS 0x000000057e800000, 0x000000057e800000| Untracked 
| 766|0x000000057f000000, 0x000000057f000000, 0x000000057f800000|  0%| F|  |TAMS 0x000000057f000000, 0x000000057f000000| Untracked 
| 767|0x000000057f800000, 0x000000057f800000, 0x0000000580000000|  0%| F|  |TAMS 0x000000057f800000, 0x000000057f800000| Untracked 
| 768|0x0000000580000000, 0x0000000580000000, 0x0000000580800000|  0%| F|  |TAMS 0x0000000580000000, 0x0000000580000000| Untracked 
| 769|0x0000000580800000, 0x0000000580800000, 0x0000000581000000|  0%| F|  |TAMS 0x0000000580800000, 0x0000000580800000| Untracked 
| 770|0x0000000581000000, 0x0000000581000000, 0x0000000581800000|  0%| F|  |TAMS 0x0000000581000000, 0x0000000581000000| Untracked 
| 771|0x0000000581800000, 0x0000000581800000, 0x0000000582000000|  0%| F|  |TAMS 0x0000000581800000, 0x0000000581800000| Untracked 
| 772|0x0000000582000000, 0x0000000582000000, 0x0000000582800000|  0%| F|  |TAMS 0x0000000582000000, 0x0000000582000000| Untracked 
| 773|0x0000000582800000, 0x0000000582800000, 0x0000000583000000|  0%| F|  |TAMS 0x0000000582800000, 0x0000000582800000| Untracked 
| 774|0x0000000583000000, 0x0000000583000000, 0x0000000583800000|  0%| F|  |TAMS 0x0000000583000000, 0x0000000583000000| Untracked 
| 775|0x0000000583800000, 0x0000000583800000, 0x0000000584000000|  0%| F|  |TAMS 0x0000000583800000, 0x0000000583800000| Untracked 
| 776|0x0000000584000000, 0x0000000584000000, 0x0000000584800000|  0%| F|  |TAMS 0x0000000584000000, 0x0000000584000000| Untracked 
| 777|0x0000000584800000, 0x0000000584800000, 0x0000000585000000|  0%| F|  |TAMS 0x0000000584800000, 0x0000000584800000| Untracked 
| 778|0x0000000585000000, 0x0000000585000000, 0x0000000585800000|  0%| F|  |TAMS 0x0000000585000000, 0x0000000585000000| Untracked 
| 779|0x0000000585800000, 0x0000000585800000, 0x0000000586000000|  0%| F|  |TAMS 0x0000000585800000, 0x0000000585800000| Untracked 
| 780|0x0000000586000000, 0x0000000586000000, 0x0000000586800000|  0%| F|  |TAMS 0x0000000586000000, 0x0000000586000000| Untracked 
| 781|0x0000000586800000, 0x0000000586800000, 0x0000000587000000|  0%| F|  |TAMS 0x0000000586800000, 0x0000000586800000| Untracked 
| 782|0x0000000587000000, 0x0000000587000000, 0x0000000587800000|  0%| F|  |TAMS 0x0000000587000000, 0x0000000587000000| Untracked 
| 783|0x0000000587800000, 0x0000000587800000, 0x0000000588000000|  0%| F|  |TAMS 0x0000000587800000, 0x0000000587800000| Untracked 
| 784|0x0000000588000000, 0x0000000588000000, 0x0000000588800000|  0%| F|  |TAMS 0x0000000588000000, 0x0000000588000000| Untracked 
| 785|0x0000000588800000, 0x0000000588800000, 0x0000000589000000|  0%| F|  |TAMS 0x0000000588800000, 0x0000000588800000| Untracked 
| 786|0x0000000589000000, 0x0000000589000000, 0x0000000589800000|  0%| F|  |TAMS 0x0000000589000000, 0x0000000589000000| Untracked 
| 787|0x0000000589800000, 0x0000000589800000, 0x000000058a000000|  0%| F|  |TAMS 0x0000000589800000, 0x0000000589800000| Untracked 
| 788|0x000000058a000000, 0x000000058a000000, 0x000000058a800000|  0%| F|  |TAMS 0x000000058a000000, 0x000000058a000000| Untracked 
| 789|0x000000058a800000, 0x000000058a800000, 0x000000058b000000|  0%| F|  |TAMS 0x000000058a800000, 0x000000058a800000| Untracked 
| 790|0x000000058b000000, 0x000000058b000000, 0x000000058b800000|  0%| F|  |TAMS 0x000000058b000000, 0x000000058b000000| Untracked 
| 791|0x000000058b800000, 0x000000058b800000, 0x000000058c000000|  0%| F|  |TAMS 0x000000058b800000, 0x000000058b800000| Untracked 
| 792|0x000000058c000000, 0x000000058c000000, 0x000000058c800000|  0%| F|  |TAMS 0x000000058c000000, 0x000000058c000000| Untracked 
| 793|0x000000058c800000, 0x000000058c800000, 0x000000058d000000|  0%| F|  |TAMS 0x000000058c800000, 0x000000058c800000| Untracked 
| 794|0x000000058d000000, 0x000000058d000000, 0x000000058d800000|  0%| F|  |TAMS 0x000000058d000000, 0x000000058d000000| Untracked 
| 795|0x000000058d800000, 0x000000058d800000, 0x000000058e000000|  0%| F|  |TAMS 0x000000058d800000, 0x000000058d800000| Untracked 
| 796|0x000000058e000000, 0x000000058e000000, 0x000000058e800000|  0%| F|  |TAMS 0x000000058e000000, 0x000000058e000000| Untracked 
| 797|0x000000058e800000, 0x000000058e800000, 0x000000058f000000|  0%| F|  |TAMS 0x000000058e800000, 0x000000058e800000| Untracked 
| 798|0x000000058f000000, 0x000000058f000000, 0x000000058f800000|  0%| F|  |TAMS 0x000000058f000000, 0x000000058f000000| Untracked 
| 799|0x000000058f800000, 0x000000058f800000, 0x0000000590000000|  0%| F|  |TAMS 0x000000058f800000, 0x000000058f800000| Untracked 
| 800|0x0000000590000000, 0x0000000590000000, 0x0000000590800000|  0%| F|  |TAMS 0x0000000590000000, 0x0000000590000000| Untracked 
| 801|0x0000000590800000, 0x0000000590800000, 0x0000000591000000|  0%| F|  |TAMS 0x0000000590800000, 0x0000000590800000| Untracked 
| 802|0x0000000591000000, 0x0000000591000000, 0x0000000591800000|  0%| F|  |TAMS 0x0000000591000000, 0x0000000591000000| Untracked 
| 803|0x0000000591800000, 0x0000000591800000, 0x0000000592000000|  0%| F|  |TAMS 0x0000000591800000, 0x0000000591800000| Untracked 
| 804|0x0000000592000000, 0x0000000592000000, 0x0000000592800000|  0%| F|  |TAMS 0x0000000592000000, 0x0000000592000000| Untracked 
| 805|0x0000000592800000, 0x0000000592800000, 0x0000000593000000|  0%| F|  |TAMS 0x0000000592800000, 0x0000000592800000| Untracked 
| 806|0x0000000593000000, 0x0000000593000000, 0x0000000593800000|  0%| F|  |TAMS 0x0000000593000000, 0x0000000593000000| Untracked 
| 807|0x0000000593800000, 0x0000000593800000, 0x0000000594000000|  0%| F|  |TAMS 0x0000000593800000, 0x0000000593800000| Untracked 
| 808|0x0000000594000000, 0x0000000594000000, 0x0000000594800000|  0%| F|  |TAMS 0x0000000594000000, 0x0000000594000000| Untracked 
| 809|0x0000000594800000, 0x0000000594800000, 0x0000000595000000|  0%| F|  |TAMS 0x0000000594800000, 0x0000000594800000| Untracked 
| 810|0x0000000595000000, 0x0000000595000000, 0x0000000595800000|  0%| F|  |TAMS 0x0000000595000000, 0x0000000595000000| Untracked 
| 811|0x0000000595800000, 0x0000000595800000, 0x0000000596000000|  0%| F|  |TAMS 0x0000000595800000, 0x0000000595800000| Untracked 
| 812|0x0000000596000000, 0x0000000596000000, 0x0000000596800000|  0%| F|  |TAMS 0x0000000596000000, 0x0000000596000000| Untracked 
| 813|0x0000000596800000, 0x0000000596800000, 0x0000000597000000|  0%| F|  |TAMS 0x0000000596800000, 0x0000000596800000| Untracked 
| 814|0x0000000597000000, 0x0000000597000000, 0x0000000597800000|  0%| F|  |TAMS 0x0000000597000000, 0x0000000597000000| Untracked 
| 815|0x0000000597800000, 0x0000000597800000, 0x0000000598000000|  0%| F|  |TAMS 0x0000000597800000, 0x0000000597800000| Untracked 
| 816|0x0000000598000000, 0x0000000598000000, 0x0000000598800000|  0%| F|  |TAMS 0x0000000598000000, 0x0000000598000000| Untracked 
| 817|0x0000000598800000, 0x0000000598800000, 0x0000000599000000|  0%| F|  |TAMS 0x0000000598800000, 0x0000000598800000| Untracked 
| 818|0x0000000599000000, 0x0000000599000000, 0x0000000599800000|  0%| F|  |TAMS 0x0000000599000000, 0x0000000599000000| Untracked 
| 819|0x0000000599800000, 0x0000000599800000, 0x000000059a000000|  0%| F|  |TAMS 0x0000000599800000, 0x0000000599800000| Untracked 
| 820|0x000000059a000000, 0x000000059a000000, 0x000000059a800000|  0%| F|  |TAMS 0x000000059a000000, 0x000000059a000000| Untracked 
| 821|0x000000059a800000, 0x000000059a800000, 0x000000059b000000|  0%| F|  |TAMS 0x000000059a800000, 0x000000059a800000| Untracked 
| 822|0x000000059b000000, 0x000000059b000000, 0x000000059b800000|  0%| F|  |TAMS 0x000000059b000000, 0x000000059b000000| Untracked 
| 823|0x000000059b800000, 0x000000059b800000, 0x000000059c000000|  0%| F|  |TAMS 0x000000059b800000, 0x000000059b800000| Untracked 
| 824|0x000000059c000000, 0x000000059c000000, 0x000000059c800000|  0%| F|  |TAMS 0x000000059c000000, 0x000000059c000000| Untracked 
| 825|0x000000059c800000, 0x000000059c800000, 0x000000059d000000|  0%| F|  |TAMS 0x000000059c800000, 0x000000059c800000| Untracked 
| 826|0x000000059d000000, 0x000000059d000000, 0x000000059d800000|  0%| F|  |TAMS 0x000000059d000000, 0x000000059d000000| Untracked 
| 827|0x000000059d800000, 0x000000059d800000, 0x000000059e000000|  0%| F|  |TAMS 0x000000059d800000, 0x000000059d800000| Untracked 
| 828|0x000000059e000000, 0x000000059e000000, 0x000000059e800000|  0%| F|  |TAMS 0x000000059e000000, 0x000000059e000000| Untracked 
| 829|0x000000059e800000, 0x000000059e800000, 0x000000059f000000|  0%| F|  |TAMS 0x000000059e800000, 0x000000059e800000| Untracked 
| 830|0x000000059f000000, 0x000000059f000000, 0x000000059f800000|  0%| F|  |TAMS 0x000000059f000000, 0x000000059f000000| Untracked 
| 831|0x000000059f800000, 0x000000059f800000, 0x00000005a0000000|  0%| F|  |TAMS 0x000000059f800000, 0x000000059f800000| Untracked 
| 832|0x00000005a0000000, 0x00000005a0000000, 0x00000005a0800000|  0%| F|  |TAMS 0x00000005a0000000, 0x00000005a0000000| Untracked 
| 833|0x00000005a0800000, 0x00000005a0800000, 0x00000005a1000000|  0%| F|  |TAMS 0x00000005a0800000, 0x00000005a0800000| Untracked 
| 834|0x00000005a1000000, 0x00000005a1000000, 0x00000005a1800000|  0%| F|  |TAMS 0x00000005a1000000, 0x00000005a1000000| Untracked 
| 835|0x00000005a1800000, 0x00000005a1800000, 0x00000005a2000000|  0%| F|  |TAMS 0x00000005a1800000, 0x00000005a1800000| Untracked 
| 836|0x00000005a2000000, 0x00000005a2000000, 0x00000005a2800000|  0%| F|  |TAMS 0x00000005a2000000, 0x00000005a2000000| Untracked 
| 837|0x00000005a2800000, 0x00000005a2800000, 0x00000005a3000000|  0%| F|  |TAMS 0x00000005a2800000, 0x00000005a2800000| Untracked 
| 838|0x00000005a3000000, 0x00000005a3000000, 0x00000005a3800000|  0%| F|  |TAMS 0x00000005a3000000, 0x00000005a3000000| Untracked 
| 839|0x00000005a3800000, 0x00000005a3800000, 0x00000005a4000000|  0%| F|  |TAMS 0x00000005a3800000, 0x00000005a3800000| Untracked 
| 840|0x00000005a4000000, 0x00000005a4000000, 0x00000005a4800000|  0%| F|  |TAMS 0x00000005a4000000, 0x00000005a4000000| Untracked 
| 841|0x00000005a4800000, 0x00000005a4800000, 0x00000005a5000000|  0%| F|  |TAMS 0x00000005a4800000, 0x00000005a4800000| Untracked 
| 842|0x00000005a5000000, 0x00000005a5000000, 0x00000005a5800000|  0%| F|  |TAMS 0x00000005a5000000, 0x00000005a5000000| Untracked 
| 843|0x00000005a5800000, 0x00000005a5800000, 0x00000005a6000000|  0%| F|  |TAMS 0x00000005a5800000, 0x00000005a5800000| Untracked 
| 844|0x00000005a6000000, 0x00000005a6000000, 0x00000005a6800000|  0%| F|  |TAMS 0x00000005a6000000, 0x00000005a6000000| Untracked 
| 845|0x00000005a6800000, 0x00000005a6800000, 0x00000005a7000000|  0%| F|  |TAMS 0x00000005a6800000, 0x00000005a6800000| Untracked 
| 846|0x00000005a7000000, 0x00000005a7000000, 0x00000005a7800000|  0%| F|  |TAMS 0x00000005a7000000, 0x00000005a7000000| Untracked 
| 847|0x00000005a7800000, 0x00000005a7800000, 0x00000005a8000000|  0%| F|  |TAMS 0x00000005a7800000, 0x00000005a7800000| Untracked 
| 848|0x00000005a8000000, 0x00000005a8000000, 0x00000005a8800000|  0%| F|  |TAMS 0x00000005a8000000, 0x00000005a8000000| Untracked 
| 849|0x00000005a8800000, 0x00000005a8800000, 0x00000005a9000000|  0%| F|  |TAMS 0x00000005a8800000, 0x00000005a8800000| Untracked 
| 850|0x00000005a9000000, 0x00000005a9000000, 0x00000005a9800000|  0%| F|  |TAMS 0x00000005a9000000, 0x00000005a9000000| Untracked 
| 851|0x00000005a9800000, 0x00000005a9800000, 0x00000005aa000000|  0%| F|  |TAMS 0x00000005a9800000, 0x00000005a9800000| Untracked 
| 852|0x00000005aa000000, 0x00000005aa000000, 0x00000005aa800000|  0%| F|  |TAMS 0x00000005aa000000, 0x00000005aa000000| Untracked 
| 853|0x00000005aa800000, 0x00000005aa800000, 0x00000005ab000000|  0%| F|  |TAMS 0x00000005aa800000, 0x00000005aa800000| Untracked 
| 854|0x00000005ab000000, 0x00000005ab000000, 0x00000005ab800000|  0%| F|  |TAMS 0x00000005ab000000, 0x00000005ab000000| Untracked 
| 855|0x00000005ab800000, 0x00000005ab800000, 0x00000005ac000000|  0%| F|  |TAMS 0x00000005ab800000, 0x00000005ab800000| Untracked 
| 856|0x00000005ac000000, 0x00000005ac000000, 0x00000005ac800000|  0%| F|  |TAMS 0x00000005ac000000, 0x00000005ac000000| Untracked 
| 857|0x00000005ac800000, 0x00000005ac800000, 0x00000005ad000000|  0%| F|  |TAMS 0x00000005ac800000, 0x00000005ac800000| Untracked 
| 858|0x00000005ad000000, 0x00000005ad000000, 0x00000005ad800000|  0%| F|  |TAMS 0x00000005ad000000, 0x00000005ad000000| Untracked 
| 859|0x00000005ad800000, 0x00000005ad800000, 0x00000005ae000000|  0%| F|  |TAMS 0x00000005ad800000, 0x00000005ad800000| Untracked 
| 860|0x00000005ae000000, 0x00000005ae000000, 0x00000005ae800000|  0%| F|  |TAMS 0x00000005ae000000, 0x00000005ae000000| Untracked 
| 861|0x00000005ae800000, 0x00000005ae800000, 0x00000005af000000|  0%| F|  |TAMS 0x00000005ae800000, 0x00000005ae800000| Untracked 
| 862|0x00000005af000000, 0x00000005af000000, 0x00000005af800000|  0%| F|  |TAMS 0x00000005af000000, 0x00000005af000000| Untracked 
| 863|0x00000005af800000, 0x00000005af800000, 0x00000005b0000000|  0%| F|  |TAMS 0x00000005af800000, 0x00000005af800000| Untracked 
| 864|0x00000005b0000000, 0x00000005b0000000, 0x00000005b0800000|  0%| F|  |TAMS 0x00000005b0000000, 0x00000005b0000000| Untracked 
| 865|0x00000005b0800000, 0x00000005b0800000, 0x00000005b1000000|  0%| F|  |TAMS 0x00000005b0800000, 0x00000005b0800000| Untracked 
| 866|0x00000005b1000000, 0x00000005b1000000, 0x00000005b1800000|  0%| F|  |TAMS 0x00000005b1000000, 0x00000005b1000000| Untracked 
| 867|0x00000005b1800000, 0x00000005b1800000, 0x00000005b2000000|  0%| F|  |TAMS 0x00000005b1800000, 0x00000005b1800000| Untracked 
| 868|0x00000005b2000000, 0x00000005b2000000, 0x00000005b2800000|  0%| F|  |TAMS 0x00000005b2000000, 0x00000005b2000000| Untracked 
| 869|0x00000005b2800000, 0x00000005b3000000, 0x00000005b3000000|100%| S|  |TAMS 0x00000005b2800000, 0x00000005b2800000| Complete 
| 870|0x00000005b3000000, 0x00000005b3800000, 0x00000005b3800000|100%| S|  |TAMS 0x00000005b3000000, 0x00000005b3000000| Complete 
| 871|0x00000005b3800000, 0x00000005b4000000, 0x00000005b4000000|100%| S|  |TAMS 0x00000005b3800000, 0x00000005b3800000| Complete 
| 872|0x00000005b4000000, 0x00000005b4800000, 0x00000005b4800000|100%| S|  |TAMS 0x00000005b4000000, 0x00000005b4000000| Complete 
| 873|0x00000005b4800000, 0x00000005b5000000, 0x00000005b5000000|100%| S|  |TAMS 0x00000005b4800000, 0x00000005b4800000| Complete 
| 874|0x00000005b5000000, 0x00000005b5800000, 0x00000005b5800000|100%| S|  |TAMS 0x00000005b5000000, 0x00000005b5000000| Complete 
| 875|0x00000005b5800000, 0x00000005b6000000, 0x00000005b6000000|100%| S|  |TAMS 0x00000005b5800000, 0x00000005b5800000| Complete 
| 876|0x00000005b6000000, 0x00000005b6800000, 0x00000005b6800000|100%| S|  |TAMS 0x00000005b6000000, 0x00000005b6000000| Complete 
| 877|0x00000005b6800000, 0x00000005b7000000, 0x00000005b7000000|100%| S|  |TAMS 0x00000005b6800000, 0x00000005b6800000| Complete 
| 878|0x00000005b7000000, 0x00000005b7800000, 0x00000005b7800000|100%| S|  |TAMS 0x00000005b7000000, 0x00000005b7000000| Complete 
| 879|0x00000005b7800000, 0x00000005b8000000, 0x00000005b8000000|100%| S|  |TAMS 0x00000005b7800000, 0x00000005b7800000| Complete 
| 880|0x00000005b8000000, 0x00000005b8800000, 0x00000005b8800000|100%| S|  |TAMS 0x00000005b8000000, 0x00000005b8000000| Complete 
| 881|0x00000005b8800000, 0x00000005b9000000, 0x00000005b9000000|100%| S|  |TAMS 0x00000005b8800000, 0x00000005b8800000| Complete 
| 882|0x00000005b9000000, 0x00000005b9800000, 0x00000005b9800000|100%| S|  |TAMS 0x00000005b9000000, 0x00000005b9000000| Complete 
| 883|0x00000005b9800000, 0x00000005ba000000, 0x00000005ba000000|100%| E|CS|TAMS 0x00000005b9800000, 0x00000005b9800000| Complete 
| 884|0x00000005ba000000, 0x00000005ba800000, 0x00000005ba800000|100%| E|CS|TAMS 0x00000005ba000000, 0x00000005ba000000| Complete 
| 885|0x00000005ba800000, 0x00000005bb000000, 0x00000005bb000000|100%| E|CS|TAMS 0x00000005ba800000, 0x00000005ba800000| Complete 
| 886|0x00000005bb000000, 0x00000005bb800000, 0x00000005bb800000|100%| E|CS|TAMS 0x00000005bb000000, 0x00000005bb000000| Complete 
| 887|0x00000005bb800000, 0x00000005bc000000, 0x00000005bc000000|100%| E|CS|TAMS 0x00000005bb800000, 0x00000005bb800000| Complete 
| 888|0x00000005bc000000, 0x00000005bc800000, 0x00000005bc800000|100%| E|CS|TAMS 0x00000005bc000000, 0x00000005bc000000| Complete 
| 889|0x00000005bc800000, 0x00000005bd000000, 0x00000005bd000000|100%| E|CS|TAMS 0x00000005bc800000, 0x00000005bc800000| Complete 
| 890|0x00000005bd000000, 0x00000005bd800000, 0x00000005bd800000|100%| E|CS|TAMS 0x00000005bd000000, 0x00000005bd000000| Complete 
| 891|0x00000005bd800000, 0x00000005be000000, 0x00000005be000000|100%| E|CS|TAMS 0x00000005bd800000, 0x00000005bd800000| Complete 
| 892|0x00000005be000000, 0x00000005be800000, 0x00000005be800000|100%| E|CS|TAMS 0x00000005be000000, 0x00000005be000000| Complete 
| 893|0x00000005be800000, 0x00000005bf000000, 0x00000005bf000000|100%| E|CS|TAMS 0x00000005be800000, 0x00000005be800000| Complete 
| 894|0x00000005bf000000, 0x00000005bf800000, 0x00000005bf800000|100%| E|CS|TAMS 0x00000005bf000000, 0x00000005bf000000| Complete 
| 895|0x00000005bf800000, 0x00000005c0000000, 0x00000005c0000000|100%| E|CS|TAMS 0x00000005bf800000, 0x00000005bf800000| Complete 
| 896|0x00000005c0000000, 0x00000005c0800000, 0x00000005c0800000|100%| E|CS|TAMS 0x00000005c0000000, 0x00000005c0000000| Complete 
| 897|0x00000005c0800000, 0x00000005c1000000, 0x00000005c1000000|100%| E|CS|TAMS 0x00000005c0800000, 0x00000005c0800000| Complete 
| 898|0x00000005c1000000, 0x00000005c1800000, 0x00000005c1800000|100%| E|CS|TAMS 0x00000005c1000000, 0x00000005c1000000| Complete 
| 899|0x00000005c1800000, 0x00000005c2000000, 0x00000005c2000000|100%| E|CS|TAMS 0x00000005c1800000, 0x00000005c1800000| Complete 
| 900|0x00000005c2000000, 0x00000005c2800000, 0x00000005c2800000|100%| E|CS|TAMS 0x00000005c2000000, 0x00000005c2000000| Complete 
| 901|0x00000005c2800000, 0x00000005c3000000, 0x00000005c3000000|100%| E|CS|TAMS 0x00000005c2800000, 0x00000005c2800000| Complete 
| 902|0x00000005c3000000, 0x00000005c3800000, 0x00000005c3800000|100%| E|CS|TAMS 0x00000005c3000000, 0x00000005c3000000| Complete 
| 903|0x00000005c3800000, 0x00000005c4000000, 0x00000005c4000000|100%| E|CS|TAMS 0x00000005c3800000, 0x00000005c3800000| Complete 
| 904|0x00000005c4000000, 0x00000005c4800000, 0x00000005c4800000|100%| E|CS|TAMS 0x00000005c4000000, 0x00000005c4000000| Complete 
| 905|0x00000005c4800000, 0x00000005c5000000, 0x00000005c5000000|100%| E|CS|TAMS 0x00000005c4800000, 0x00000005c4800000| Complete 
| 906|0x00000005c5000000, 0x00000005c5800000, 0x00000005c5800000|100%| E|CS|TAMS 0x00000005c5000000, 0x00000005c5000000| Complete 
| 907|0x00000005c5800000, 0x00000005c6000000, 0x00000005c6000000|100%| E|CS|TAMS 0x00000005c5800000, 0x00000005c5800000| Complete 
| 908|0x00000005c6000000, 0x00000005c6800000, 0x00000005c6800000|100%| E|CS|TAMS 0x00000005c6000000, 0x00000005c6000000| Complete 
| 909|0x00000005c6800000, 0x00000005c7000000, 0x00000005c7000000|100%| E|CS|TAMS 0x00000005c6800000, 0x00000005c6800000| Complete 
| 910|0x00000005c7000000, 0x00000005c7800000, 0x00000005c7800000|100%| E|CS|TAMS 0x00000005c7000000, 0x00000005c7000000| Complete 
| 911|0x00000005c7800000, 0x00000005c8000000, 0x00000005c8000000|100%| E|CS|TAMS 0x00000005c7800000, 0x00000005c7800000| Complete 
| 912|0x00000005c8000000, 0x00000005c8800000, 0x00000005c8800000|100%| E|CS|TAMS 0x00000005c8000000, 0x00000005c8000000| Complete 
| 913|0x00000005c8800000, 0x00000005c9000000, 0x00000005c9000000|100%| E|CS|TAMS 0x00000005c8800000, 0x00000005c8800000| Complete 
| 914|0x00000005c9000000, 0x00000005c9800000, 0x00000005c9800000|100%| E|CS|TAMS 0x00000005c9000000, 0x00000005c9000000| Complete 
| 915|0x00000005c9800000, 0x00000005ca000000, 0x00000005ca000000|100%| E|CS|TAMS 0x00000005c9800000, 0x00000005c9800000| Complete 
| 916|0x00000005ca000000, 0x00000005ca800000, 0x00000005ca800000|100%| E|CS|TAMS 0x00000005ca000000, 0x00000005ca000000| Complete 
| 917|0x00000005ca800000, 0x00000005cb000000, 0x00000005cb000000|100%| E|CS|TAMS 0x00000005ca800000, 0x00000005ca800000| Complete 
| 918|0x00000005cb000000, 0x00000005cb800000, 0x00000005cb800000|100%| E|CS|TAMS 0x00000005cb000000, 0x00000005cb000000| Complete 
| 919|0x00000005cb800000, 0x00000005cc000000, 0x00000005cc000000|100%| E|CS|TAMS 0x00000005cb800000, 0x00000005cb800000| Complete 
| 920|0x00000005cc000000, 0x00000005cc800000, 0x00000005cc800000|100%| E|CS|TAMS 0x00000005cc000000, 0x00000005cc000000| Complete 
| 921|0x00000005cc800000, 0x00000005cd000000, 0x00000005cd000000|100%| E|CS|TAMS 0x00000005cc800000, 0x00000005cc800000| Complete 
| 922|0x00000005cd000000, 0x00000005cd800000, 0x00000005cd800000|100%| E|CS|TAMS 0x00000005cd000000, 0x00000005cd000000| Complete 
| 923|0x00000005cd800000, 0x00000005ce000000, 0x00000005ce000000|100%| E|CS|TAMS 0x00000005cd800000, 0x00000005cd800000| Complete 
| 924|0x00000005ce000000, 0x00000005ce800000, 0x00000005ce800000|100%| E|CS|TAMS 0x00000005ce000000, 0x00000005ce000000| Complete 
| 925|0x00000005ce800000, 0x00000005cf000000, 0x00000005cf000000|100%| E|CS|TAMS 0x00000005ce800000, 0x00000005ce800000| Complete 
| 926|0x00000005cf000000, 0x00000005cf800000, 0x00000005cf800000|100%| E|CS|TAMS 0x00000005cf000000, 0x00000005cf000000| Complete 
| 927|0x00000005cf800000, 0x00000005d0000000, 0x00000005d0000000|100%| E|CS|TAMS 0x00000005cf800000, 0x00000005cf800000| Complete 
| 928|0x00000005d0000000, 0x00000005d0800000, 0x00000005d0800000|100%| E|CS|TAMS 0x00000005d0000000, 0x00000005d0000000| Complete 
| 929|0x00000005d0800000, 0x00000005d1000000, 0x00000005d1000000|100%| E|CS|TAMS 0x00000005d0800000, 0x00000005d0800000| Complete 
| 930|0x00000005d1000000, 0x00000005d1800000, 0x00000005d1800000|100%| E|CS|TAMS 0x00000005d1000000, 0x00000005d1000000| Complete 
| 931|0x00000005d1800000, 0x00000005d2000000, 0x00000005d2000000|100%| E|CS|TAMS 0x00000005d1800000, 0x00000005d1800000| Complete 
| 932|0x00000005d2000000, 0x00000005d2800000, 0x00000005d2800000|100%| E|CS|TAMS 0x00000005d2000000, 0x00000005d2000000| Complete 
| 933|0x00000005d2800000, 0x00000005d3000000, 0x00000005d3000000|100%| E|CS|TAMS 0x00000005d2800000, 0x00000005d2800000| Complete 
| 934|0x00000005d3000000, 0x00000005d3800000, 0x00000005d3800000|100%| E|CS|TAMS 0x00000005d3000000, 0x00000005d3000000| Complete 
| 935|0x00000005d3800000, 0x00000005d4000000, 0x00000005d4000000|100%| E|CS|TAMS 0x00000005d3800000, 0x00000005d3800000| Complete 
| 936|0x00000005d4000000, 0x00000005d4800000, 0x00000005d4800000|100%| E|CS|TAMS 0x00000005d4000000, 0x00000005d4000000| Complete 
| 937|0x00000005d4800000, 0x00000005d5000000, 0x00000005d5000000|100%| E|CS|TAMS 0x00000005d4800000, 0x00000005d4800000| Complete 
| 938|0x00000005d5000000, 0x00000005d5800000, 0x00000005d5800000|100%| E|CS|TAMS 0x00000005d5000000, 0x00000005d5000000| Complete 
| 939|0x00000005d5800000, 0x00000005d6000000, 0x00000005d6000000|100%| E|CS|TAMS 0x00000005d5800000, 0x00000005d5800000| Complete 
| 940|0x00000005d6000000, 0x00000005d6800000, 0x00000005d6800000|100%| E|CS|TAMS 0x00000005d6000000, 0x00000005d6000000| Complete 
| 941|0x00000005d6800000, 0x00000005d7000000, 0x00000005d7000000|100%| E|CS|TAMS 0x00000005d6800000, 0x00000005d6800000| Complete 
| 942|0x00000005d7000000, 0x00000005d7800000, 0x00000005d7800000|100%| E|CS|TAMS 0x00000005d7000000, 0x00000005d7000000| Complete 
| 943|0x00000005d7800000, 0x00000005d8000000, 0x00000005d8000000|100%| E|CS|TAMS 0x00000005d7800000, 0x00000005d7800000| Complete 
| 944|0x00000005d8000000, 0x00000005d8800000, 0x00000005d8800000|100%| E|CS|TAMS 0x00000005d8000000, 0x00000005d8000000| Complete 
| 945|0x00000005d8800000, 0x00000005d9000000, 0x00000005d9000000|100%| E|CS|TAMS 0x00000005d8800000, 0x00000005d8800000| Complete 
| 946|0x00000005d9000000, 0x00000005d9800000, 0x00000005d9800000|100%| E|CS|TAMS 0x00000005d9000000, 0x00000005d9000000| Complete 
| 947|0x00000005d9800000, 0x00000005da000000, 0x00000005da000000|100%| E|CS|TAMS 0x00000005d9800000, 0x00000005d9800000| Complete 
| 948|0x00000005da000000, 0x00000005da800000, 0x00000005da800000|100%| E|CS|TAMS 0x00000005da000000, 0x00000005da000000| Complete 
| 949|0x00000005da800000, 0x00000005db000000, 0x00000005db000000|100%| E|CS|TAMS 0x00000005da800000, 0x00000005da800000| Complete 
| 950|0x00000005db000000, 0x00000005db800000, 0x00000005db800000|100%| E|CS|TAMS 0x00000005db000000, 0x00000005db000000| Complete 
| 951|0x00000005db800000, 0x00000005dc000000, 0x00000005dc000000|100%| E|CS|TAMS 0x00000005db800000, 0x00000005db800000| Complete 
| 952|0x00000005dc000000, 0x00000005dc800000, 0x00000005dc800000|100%| E|CS|TAMS 0x00000005dc000000, 0x00000005dc000000| Complete 
| 953|0x00000005dc800000, 0x00000005dd000000, 0x00000005dd000000|100%| E|CS|TAMS 0x00000005dc800000, 0x00000005dc800000| Complete 
| 954|0x00000005dd000000, 0x00000005dd800000, 0x00000005dd800000|100%| E|CS|TAMS 0x00000005dd000000, 0x00000005dd000000| Complete 
| 955|0x00000005dd800000, 0x00000005de000000, 0x00000005de000000|100%| E|CS|TAMS 0x00000005dd800000, 0x00000005dd800000| Complete 
| 956|0x00000005de000000, 0x00000005de800000, 0x00000005de800000|100%| E|CS|TAMS 0x00000005de000000, 0x00000005de000000| Complete 
| 957|0x00000005de800000, 0x00000005df000000, 0x00000005df000000|100%| E|CS|TAMS 0x00000005de800000, 0x00000005de800000| Complete 
| 958|0x00000005df000000, 0x00000005df800000, 0x00000005df800000|100%| E|CS|TAMS 0x00000005df000000, 0x00000005df000000| Complete 
| 959|0x00000005df800000, 0x00000005e0000000, 0x00000005e0000000|100%| E|CS|TAMS 0x00000005df800000, 0x00000005df800000| Complete 
| 960|0x00000005e0000000, 0x00000005e0800000, 0x00000005e0800000|100%| E|CS|TAMS 0x00000005e0000000, 0x00000005e0000000| Complete 
| 961|0x00000005e0800000, 0x00000005e1000000, 0x00000005e1000000|100%| E|CS|TAMS 0x00000005e0800000, 0x00000005e0800000| Complete 
| 962|0x00000005e1000000, 0x00000005e1800000, 0x00000005e1800000|100%| E|CS|TAMS 0x00000005e1000000, 0x00000005e1000000| Complete 
| 963|0x00000005e1800000, 0x00000005e2000000, 0x00000005e2000000|100%| E|CS|TAMS 0x00000005e1800000, 0x00000005e1800000| Complete 
| 964|0x00000005e2000000, 0x00000005e2800000, 0x00000005e2800000|100%| E|CS|TAMS 0x00000005e2000000, 0x00000005e2000000| Complete 
| 965|0x00000005e2800000, 0x00000005e3000000, 0x00000005e3000000|100%| E|CS|TAMS 0x00000005e2800000, 0x00000005e2800000| Complete 
| 966|0x00000005e3000000, 0x00000005e3800000, 0x00000005e3800000|100%| E|CS|TAMS 0x00000005e3000000, 0x00000005e3000000| Complete 
| 967|0x00000005e3800000, 0x00000005e4000000, 0x00000005e4000000|100%| E|CS|TAMS 0x00000005e3800000, 0x00000005e3800000| Complete 
| 968|0x00000005e4000000, 0x00000005e4800000, 0x00000005e4800000|100%| E|CS|TAMS 0x00000005e4000000, 0x00000005e4000000| Complete 
| 969|0x00000005e4800000, 0x00000005e5000000, 0x00000005e5000000|100%| E|CS|TAMS 0x00000005e4800000, 0x00000005e4800000| Complete 
| 970|0x00000005e5000000, 0x00000005e5800000, 0x00000005e5800000|100%| E|CS|TAMS 0x00000005e5000000, 0x00000005e5000000| Complete 
| 971|0x00000005e5800000, 0x00000005e6000000, 0x00000005e6000000|100%| E|CS|TAMS 0x00000005e5800000, 0x00000005e5800000| Complete 
| 972|0x00000005e6000000, 0x00000005e6800000, 0x00000005e6800000|100%| E|CS|TAMS 0x00000005e6000000, 0x00000005e6000000| Complete 
| 973|0x00000005e6800000, 0x00000005e7000000, 0x00000005e7000000|100%| E|CS|TAMS 0x00000005e6800000, 0x00000005e6800000| Complete 
| 974|0x00000005e7000000, 0x00000005e7800000, 0x00000005e7800000|100%| E|CS|TAMS 0x00000005e7000000, 0x00000005e7000000| Complete 
| 975|0x00000005e7800000, 0x00000005e8000000, 0x00000005e8000000|100%| E|CS|TAMS 0x00000005e7800000, 0x00000005e7800000| Complete 
| 976|0x00000005e8000000, 0x00000005e8800000, 0x00000005e8800000|100%| E|CS|TAMS 0x00000005e8000000, 0x00000005e8000000| Complete 
| 977|0x00000005e8800000, 0x00000005e9000000, 0x00000005e9000000|100%| E|CS|TAMS 0x00000005e8800000, 0x00000005e8800000| Complete 
| 978|0x00000005e9000000, 0x00000005e9800000, 0x00000005e9800000|100%| E|CS|TAMS 0x00000005e9000000, 0x00000005e9000000| Complete 
| 979|0x00000005e9800000, 0x00000005ea000000, 0x00000005ea000000|100%| E|CS|TAMS 0x00000005e9800000, 0x00000005e9800000| Complete 
| 980|0x00000005ea000000, 0x00000005ea800000, 0x00000005ea800000|100%| E|CS|TAMS 0x00000005ea000000, 0x00000005ea000000| Complete 
| 981|0x00000005ea800000, 0x00000005eb000000, 0x00000005eb000000|100%| E|CS|TAMS 0x00000005ea800000, 0x00000005ea800000| Complete 
| 982|0x00000005eb000000, 0x00000005eb800000, 0x00000005eb800000|100%| E|CS|TAMS 0x00000005eb000000, 0x00000005eb000000| Complete 
| 983|0x00000005eb800000, 0x00000005ec000000, 0x00000005ec000000|100%| E|CS|TAMS 0x00000005eb800000, 0x00000005eb800000| Complete 
| 984|0x00000005ec000000, 0x00000005ec800000, 0x00000005ec800000|100%| E|CS|TAMS 0x00000005ec000000, 0x00000005ec000000| Complete 
| 985|0x00000005ec800000, 0x00000005ed000000, 0x00000005ed000000|100%| E|CS|TAMS 0x00000005ec800000, 0x00000005ec800000| Complete 
| 986|0x00000005ed000000, 0x00000005ed800000, 0x00000005ed800000|100%| E|CS|TAMS 0x00000005ed000000, 0x00000005ed000000| Complete 
| 987|0x00000005ed800000, 0x00000005ee000000, 0x00000005ee000000|100%| E|CS|TAMS 0x00000005ed800000, 0x00000005ed800000| Complete 
| 988|0x00000005ee000000, 0x00000005ee800000, 0x00000005ee800000|100%| E|CS|TAMS 0x00000005ee000000, 0x00000005ee000000| Complete 
| 989|0x00000005ee800000, 0x00000005ef000000, 0x00000005ef000000|100%| E|CS|TAMS 0x00000005ee800000, 0x00000005ee800000| Complete 
| 990|0x00000005ef000000, 0x00000005ef800000, 0x00000005ef800000|100%| E|CS|TAMS 0x00000005ef000000, 0x00000005ef000000| Complete 
| 991|0x00000005ef800000, 0x00000005f0000000, 0x00000005f0000000|100%| E|CS|TAMS 0x00000005ef800000, 0x00000005ef800000| Complete 
| 992|0x00000005f0000000, 0x00000005f0800000, 0x00000005f0800000|100%| E|CS|TAMS 0x00000005f0000000, 0x00000005f0000000| Complete 
| 993|0x00000005f0800000, 0x00000005f1000000, 0x00000005f1000000|100%| E|CS|TAMS 0x00000005f0800000, 0x00000005f0800000| Complete 
| 994|0x00000005f1000000, 0x00000005f1800000, 0x00000005f1800000|100%| E|CS|TAMS 0x00000005f1000000, 0x00000005f1000000| Complete 
| 995|0x00000005f1800000, 0x00000005f2000000, 0x00000005f2000000|100%| E|CS|TAMS 0x00000005f1800000, 0x00000005f1800000| Complete 
| 996|0x00000005f2000000, 0x00000005f2800000, 0x00000005f2800000|100%| E|CS|TAMS 0x00000005f2000000, 0x00000005f2000000| Complete 
| 997|0x00000005f2800000, 0x00000005f3000000, 0x00000005f3000000|100%| E|CS|TAMS 0x00000005f2800000, 0x00000005f2800000| Complete 
| 998|0x00000005f3000000, 0x00000005f3800000, 0x00000005f3800000|100%| E|CS|TAMS 0x00000005f3000000, 0x00000005f3000000| Complete 
| 999|0x00000005f3800000, 0x00000005f4000000, 0x00000005f4000000|100%| E|CS|TAMS 0x00000005f3800000, 0x00000005f3800000| Complete 
|1000|0x00000005f4000000, 0x00000005f4800000, 0x00000005f4800000|100%| E|CS|TAMS 0x00000005f4000000, 0x00000005f4000000| Complete 
|1001|0x00000005f4800000, 0x00000005f5000000, 0x00000005f5000000|100%| E|CS|TAMS 0x00000005f4800000, 0x00000005f4800000| Complete 
|1002|0x00000005f5000000, 0x00000005f5800000, 0x00000005f5800000|100%| E|CS|TAMS 0x00000005f5000000, 0x00000005f5000000| Complete 
|1003|0x00000005f5800000, 0x00000005f6000000, 0x00000005f6000000|100%| E|CS|TAMS 0x00000005f5800000, 0x00000005f5800000| Complete 
|1004|0x00000005f6000000, 0x00000005f6800000, 0x00000005f6800000|100%| E|CS|TAMS 0x00000005f6000000, 0x00000005f6000000| Complete 
|1005|0x00000005f6800000, 0x00000005f7000000, 0x00000005f7000000|100%| E|CS|TAMS 0x00000005f6800000, 0x00000005f6800000| Complete 
|1006|0x00000005f7000000, 0x00000005f7800000, 0x00000005f7800000|100%| E|CS|TAMS 0x00000005f7000000, 0x00000005f7000000| Complete 
|1007|0x00000005f7800000, 0x00000005f8000000, 0x00000005f8000000|100%| E|CS|TAMS 0x00000005f7800000, 0x00000005f7800000| Complete 
|1008|0x00000005f8000000, 0x00000005f8800000, 0x00000005f8800000|100%| E|CS|TAMS 0x00000005f8000000, 0x00000005f8000000| Complete 
|1009|0x00000005f8800000, 0x00000005f9000000, 0x00000005f9000000|100%| E|CS|TAMS 0x00000005f8800000, 0x00000005f8800000| Complete 
|1010|0x00000005f9000000, 0x00000005f9800000, 0x00000005f9800000|100%| E|CS|TAMS 0x00000005f9000000, 0x00000005f9000000| Complete 
|1011|0x00000005f9800000, 0x00000005fa000000, 0x00000005fa000000|100%| E|CS|TAMS 0x00000005f9800000, 0x00000005f9800000| Complete 
|1012|0x00000005fa000000, 0x00000005fa800000, 0x00000005fa800000|100%| E|CS|TAMS 0x00000005fa000000, 0x00000005fa000000| Complete 
|1013|0x00000005fa800000, 0x00000005fb000000, 0x00000005fb000000|100%| E|CS|TAMS 0x00000005fa800000, 0x00000005fa800000| Complete 
|1014|0x00000005fb000000, 0x00000005fb800000, 0x00000005fb800000|100%| E|CS|TAMS 0x00000005fb000000, 0x00000005fb000000| Complete 
|1015|0x00000005fb800000, 0x00000005fc000000, 0x00000005fc000000|100%| E|CS|TAMS 0x00000005fb800000, 0x00000005fb800000| Complete 
|1016|0x00000005fc000000, 0x00000005fc800000, 0x00000005fc800000|100%| E|CS|TAMS 0x00000005fc000000, 0x00000005fc000000| Complete 
|1017|0x00000005fc800000, 0x00000005fd000000, 0x00000005fd000000|100%| E|CS|TAMS 0x00000005fc800000, 0x00000005fc800000| Complete 
|1018|0x00000005fd000000, 0x00000005fd800000, 0x00000005fd800000|100%| E|CS|TAMS 0x00000005fd000000, 0x00000005fd000000| Complete 
|1019|0x00000005fd800000, 0x00000005fe000000, 0x00000005fe000000|100%| E|CS|TAMS 0x00000005fd800000, 0x00000005fd800000| Complete 
|1020|0x00000005fe000000, 0x00000005fe800000, 0x00000005fe800000|100%| E|CS|TAMS 0x00000005fe000000, 0x00000005fe000000| Complete 
|1021|0x00000005fe800000, 0x00000005ff000000, 0x00000005ff000000|100%| E|CS|TAMS 0x00000005fe800000, 0x00000005fe800000| Complete 
|1022|0x00000005ff000000, 0x00000005ff800000, 0x00000005ff800000|100%| E|CS|TAMS 0x00000005ff000000, 0x00000005ff000000| Complete 
|1023|0x00000005ff800000, 0x0000000600000000, 0x0000000600000000|100%| E|CS|TAMS 0x00000005ff800000, 0x00000005ff800000| Complete 
|1024|0x0000000600000000, 0x0000000600800000, 0x0000000600800000|100%| E|CS|TAMS 0x0000000600000000, 0x0000000600000000| Complete 
|1025|0x0000000600800000, 0x0000000601000000, 0x0000000601000000|100%| E|CS|TAMS 0x0000000600800000, 0x0000000600800000| Complete 
|1026|0x0000000601000000, 0x0000000601800000, 0x0000000601800000|100%| E|CS|TAMS 0x0000000601000000, 0x0000000601000000| Complete 
|1027|0x0000000601800000, 0x0000000602000000, 0x0000000602000000|100%| E|CS|TAMS 0x0000000601800000, 0x0000000601800000| Complete 
|1028|0x0000000602000000, 0x0000000602800000, 0x0000000602800000|100%| E|CS|TAMS 0x0000000602000000, 0x0000000602000000| Complete 
|1029|0x0000000602800000, 0x0000000603000000, 0x0000000603000000|100%| E|CS|TAMS 0x0000000602800000, 0x0000000602800000| Complete 
|1030|0x0000000603000000, 0x0000000603800000, 0x0000000603800000|100%| E|CS|TAMS 0x0000000603000000, 0x0000000603000000| Complete 
|1031|0x0000000603800000, 0x0000000604000000, 0x0000000604000000|100%| E|CS|TAMS 0x0000000603800000, 0x0000000603800000| Complete 
|1032|0x0000000604000000, 0x0000000604800000, 0x0000000604800000|100%| E|CS|TAMS 0x0000000604000000, 0x0000000604000000| Complete 
|1033|0x0000000604800000, 0x0000000605000000, 0x0000000605000000|100%| E|CS|TAMS 0x0000000604800000, 0x0000000604800000| Complete 
|1034|0x0000000605000000, 0x0000000605800000, 0x0000000605800000|100%| E|CS|TAMS 0x0000000605000000, 0x0000000605000000| Complete 
|1035|0x0000000605800000, 0x0000000606000000, 0x0000000606000000|100%| E|CS|TAMS 0x0000000605800000, 0x0000000605800000| Complete 
|1036|0x0000000606000000, 0x0000000606800000, 0x0000000606800000|100%| E|CS|TAMS 0x0000000606000000, 0x0000000606000000| Complete 
|1037|0x0000000606800000, 0x0000000607000000, 0x0000000607000000|100%| E|CS|TAMS 0x0000000606800000, 0x0000000606800000| Complete 
|1038|0x0000000607000000, 0x0000000607800000, 0x0000000607800000|100%| E|CS|TAMS 0x0000000607000000, 0x0000000607000000| Complete 
|1039|0x0000000607800000, 0x0000000608000000, 0x0000000608000000|100%| E|CS|TAMS 0x0000000607800000, 0x0000000607800000| Complete 
|1040|0x0000000608000000, 0x0000000608800000, 0x0000000608800000|100%| E|CS|TAMS 0x0000000608000000, 0x0000000608000000| Complete 
|1041|0x0000000608800000, 0x0000000609000000, 0x0000000609000000|100%| E|CS|TAMS 0x0000000608800000, 0x0000000608800000| Complete 
|1042|0x0000000609000000, 0x0000000609800000, 0x0000000609800000|100%| E|CS|TAMS 0x0000000609000000, 0x0000000609000000| Complete 
|1043|0x0000000609800000, 0x000000060a000000, 0x000000060a000000|100%| E|CS|TAMS 0x0000000609800000, 0x0000000609800000| Complete 
|1044|0x000000060a000000, 0x000000060a800000, 0x000000060a800000|100%| E|CS|TAMS 0x000000060a000000, 0x000000060a000000| Complete 
|1045|0x000000060a800000, 0x000000060b000000, 0x000000060b000000|100%| E|CS|TAMS 0x000000060a800000, 0x000000060a800000| Complete 
|1046|0x000000060b000000, 0x000000060b800000, 0x000000060b800000|100%| E|CS|TAMS 0x000000060b000000, 0x000000060b000000| Complete 
|1047|0x000000060b800000, 0x000000060c000000, 0x000000060c000000|100%| E|CS|TAMS 0x000000060b800000, 0x000000060b800000| Complete 
|1048|0x000000060c000000, 0x000000060c800000, 0x000000060c800000|100%| E|CS|TAMS 0x000000060c000000, 0x000000060c000000| Complete 
|1049|0x000000060c800000, 0x000000060d000000, 0x000000060d000000|100%| E|CS|TAMS 0x000000060c800000, 0x000000060c800000| Complete 
|1050|0x000000060d000000, 0x000000060d800000, 0x000000060d800000|100%| E|CS|TAMS 0x000000060d000000, 0x000000060d000000| Complete 
|1051|0x000000060d800000, 0x000000060e000000, 0x000000060e000000|100%| E|CS|TAMS 0x000000060d800000, 0x000000060d800000| Complete 
|1052|0x000000060e000000, 0x000000060e800000, 0x000000060e800000|100%| E|CS|TAMS 0x000000060e000000, 0x000000060e000000| Complete 
|1053|0x000000060e800000, 0x000000060f000000, 0x000000060f000000|100%| E|CS|TAMS 0x000000060e800000, 0x000000060e800000| Complete 
|1054|0x000000060f000000, 0x000000060f800000, 0x000000060f800000|100%| E|CS|TAMS 0x000000060f000000, 0x000000060f000000| Complete 
|1055|0x000000060f800000, 0x0000000610000000, 0x0000000610000000|100%| E|CS|TAMS 0x000000060f800000, 0x000000060f800000| Complete 
|1056|0x0000000610000000, 0x0000000610800000, 0x0000000610800000|100%| E|CS|TAMS 0x0000000610000000, 0x0000000610000000| Complete 
|1057|0x0000000610800000, 0x0000000611000000, 0x0000000611000000|100%| E|CS|TAMS 0x0000000610800000, 0x0000000610800000| Complete 
|1058|0x0000000611000000, 0x0000000611800000, 0x0000000611800000|100%| E|CS|TAMS 0x0000000611000000, 0x0000000611000000| Complete 
|1059|0x0000000611800000, 0x0000000612000000, 0x0000000612000000|100%| E|CS|TAMS 0x0000000611800000, 0x0000000611800000| Complete 
|1060|0x0000000612000000, 0x0000000612800000, 0x0000000612800000|100%| E|CS|TAMS 0x0000000612000000, 0x0000000612000000| Complete 
|1061|0x0000000612800000, 0x0000000613000000, 0x0000000613000000|100%| E|CS|TAMS 0x0000000612800000, 0x0000000612800000| Complete 
|1062|0x0000000613000000, 0x0000000613800000, 0x0000000613800000|100%| E|CS|TAMS 0x0000000613000000, 0x0000000613000000| Complete 
|1063|0x0000000613800000, 0x0000000614000000, 0x0000000614000000|100%| E|CS|TAMS 0x0000000613800000, 0x0000000613800000| Complete 
|1064|0x0000000614000000, 0x0000000614800000, 0x0000000614800000|100%| E|CS|TAMS 0x0000000614000000, 0x0000000614000000| Complete 
|1065|0x0000000614800000, 0x0000000615000000, 0x0000000615000000|100%| E|CS|TAMS 0x0000000614800000, 0x0000000614800000| Complete 
|1066|0x0000000615000000, 0x0000000615800000, 0x0000000615800000|100%| E|CS|TAMS 0x0000000615000000, 0x0000000615000000| Complete 
|1067|0x0000000615800000, 0x0000000616000000, 0x0000000616000000|100%| E|CS|TAMS 0x0000000615800000, 0x0000000615800000| Complete 
|1068|0x0000000616000000, 0x0000000616800000, 0x0000000616800000|100%| E|CS|TAMS 0x0000000616000000, 0x0000000616000000| Complete 
|1069|0x0000000616800000, 0x0000000617000000, 0x0000000617000000|100%| E|CS|TAMS 0x0000000616800000, 0x0000000616800000| Complete 
|1070|0x0000000617000000, 0x0000000617800000, 0x0000000617800000|100%| E|CS|TAMS 0x0000000617000000, 0x0000000617000000| Complete 
|1071|0x0000000617800000, 0x0000000618000000, 0x0000000618000000|100%| E|CS|TAMS 0x0000000617800000, 0x0000000617800000| Complete 
|1072|0x0000000618000000, 0x0000000618800000, 0x0000000618800000|100%| E|CS|TAMS 0x0000000618000000, 0x0000000618000000| Complete 
|1073|0x0000000618800000, 0x0000000619000000, 0x0000000619000000|100%| E|CS|TAMS 0x0000000618800000, 0x0000000618800000| Complete 
|1074|0x0000000619000000, 0x0000000619800000, 0x0000000619800000|100%| E|CS|TAMS 0x0000000619000000, 0x0000000619000000| Complete 
|1075|0x0000000619800000, 0x000000061a000000, 0x000000061a000000|100%| E|CS|TAMS 0x0000000619800000, 0x0000000619800000| Complete 
|1076|0x000000061a000000, 0x000000061a800000, 0x000000061a800000|100%| E|CS|TAMS 0x000000061a000000, 0x000000061a000000| Complete 
|1077|0x000000061a800000, 0x000000061b000000, 0x000000061b000000|100%| E|CS|TAMS 0x000000061a800000, 0x000000061a800000| Complete 
|1078|0x000000061b000000, 0x000000061b800000, 0x000000061b800000|100%| E|CS|TAMS 0x000000061b000000, 0x000000061b000000| Complete 
|1079|0x000000061b800000, 0x000000061c000000, 0x000000061c000000|100%| E|CS|TAMS 0x000000061b800000, 0x000000061b800000| Complete 
|1080|0x000000061c000000, 0x000000061c800000, 0x000000061c800000|100%| E|CS|TAMS 0x000000061c000000, 0x000000061c000000| Complete 
|1081|0x000000061c800000, 0x000000061d000000, 0x000000061d000000|100%| E|CS|TAMS 0x000000061c800000, 0x000000061c800000| Complete 
|1082|0x000000061d000000, 0x000000061d800000, 0x000000061d800000|100%| E|CS|TAMS 0x000000061d000000, 0x000000061d000000| Complete 
|1083|0x000000061d800000, 0x000000061e000000, 0x000000061e000000|100%| E|CS|TAMS 0x000000061d800000, 0x000000061d800000| Complete 
|1084|0x000000061e000000, 0x000000061e800000, 0x000000061e800000|100%| E|CS|TAMS 0x000000061e000000, 0x000000061e000000| Complete 
|1085|0x000000061e800000, 0x000000061f000000, 0x000000061f000000|100%| E|CS|TAMS 0x000000061e800000, 0x000000061e800000| Complete 
|1086|0x000000061f000000, 0x000000061f800000, 0x000000061f800000|100%| E|CS|TAMS 0x000000061f000000, 0x000000061f000000| Complete 
|1087|0x000000061f800000, 0x0000000620000000, 0x0000000620000000|100%| E|CS|TAMS 0x000000061f800000, 0x000000061f800000| Complete 
|1088|0x0000000620000000, 0x0000000620800000, 0x0000000620800000|100%| E|CS|TAMS 0x0000000620000000, 0x0000000620000000| Complete 
|1089|0x0000000620800000, 0x0000000621000000, 0x0000000621000000|100%| E|CS|TAMS 0x0000000620800000, 0x0000000620800000| Complete 
|1090|0x0000000621000000, 0x0000000621800000, 0x0000000621800000|100%| E|CS|TAMS 0x0000000621000000, 0x0000000621000000| Complete 
|1091|0x0000000621800000, 0x0000000622000000, 0x0000000622000000|100%| E|CS|TAMS 0x0000000621800000, 0x0000000621800000| Complete 
|1092|0x0000000622000000, 0x0000000622800000, 0x0000000622800000|100%| E|CS|TAMS 0x0000000622000000, 0x0000000622000000| Complete 
|1093|0x0000000622800000, 0x0000000623000000, 0x0000000623000000|100%| E|CS|TAMS 0x0000000622800000, 0x0000000622800000| Complete 
|1094|0x0000000623000000, 0x0000000623800000, 0x0000000623800000|100%| E|CS|TAMS 0x0000000623000000, 0x0000000623000000| Complete 
|1095|0x0000000623800000, 0x0000000624000000, 0x0000000624000000|100%| E|CS|TAMS 0x0000000623800000, 0x0000000623800000| Complete 
|1096|0x0000000624000000, 0x0000000624800000, 0x0000000624800000|100%| E|CS|TAMS 0x0000000624000000, 0x0000000624000000| Complete 
|1097|0x0000000624800000, 0x0000000625000000, 0x0000000625000000|100%| E|CS|TAMS 0x0000000624800000, 0x0000000624800000| Complete 
|1098|0x0000000625000000, 0x0000000625800000, 0x0000000625800000|100%| E|CS|TAMS 0x0000000625000000, 0x0000000625000000| Complete 
|1099|0x0000000625800000, 0x0000000626000000, 0x0000000626000000|100%| E|CS|TAMS 0x0000000625800000, 0x0000000625800000| Complete 
|1100|0x0000000626000000, 0x0000000626800000, 0x0000000626800000|100%| E|CS|TAMS 0x0000000626000000, 0x0000000626000000| Complete 
|1101|0x0000000626800000, 0x0000000627000000, 0x0000000627000000|100%| E|CS|TAMS 0x0000000626800000, 0x0000000626800000| Complete 
|1102|0x0000000627000000, 0x0000000627800000, 0x0000000627800000|100%| E|CS|TAMS 0x0000000627000000, 0x0000000627000000| Complete 
|1103|0x0000000627800000, 0x0000000628000000, 0x0000000628000000|100%| E|CS|TAMS 0x0000000627800000, 0x0000000627800000| Complete 
|1104|0x0000000628000000, 0x0000000628800000, 0x0000000628800000|100%| E|CS|TAMS 0x0000000628000000, 0x0000000628000000| Complete 
|1105|0x0000000628800000, 0x0000000629000000, 0x0000000629000000|100%| E|CS|TAMS 0x0000000628800000, 0x0000000628800000| Complete 
|1106|0x0000000629000000, 0x0000000629800000, 0x0000000629800000|100%| E|CS|TAMS 0x0000000629000000, 0x0000000629000000| Complete 
|1107|0x0000000629800000, 0x000000062a000000, 0x000000062a000000|100%| E|CS|TAMS 0x0000000629800000, 0x0000000629800000| Complete 
|1108|0x000000062a000000, 0x000000062a800000, 0x000000062a800000|100%| E|CS|TAMS 0x000000062a000000, 0x000000062a000000| Complete 
|1109|0x000000062a800000, 0x000000062b000000, 0x000000062b000000|100%| E|CS|TAMS 0x000000062a800000, 0x000000062a800000| Complete 
|1110|0x000000062b000000, 0x000000062b800000, 0x000000062b800000|100%| E|CS|TAMS 0x000000062b000000, 0x000000062b000000| Complete 
|1111|0x000000062b800000, 0x000000062c000000, 0x000000062c000000|100%| E|CS|TAMS 0x000000062b800000, 0x000000062b800000| Complete 
|1112|0x000000062c000000, 0x000000062c800000, 0x000000062c800000|100%| E|CS|TAMS 0x000000062c000000, 0x000000062c000000| Complete 
|1113|0x000000062c800000, 0x000000062d000000, 0x000000062d000000|100%| E|CS|TAMS 0x000000062c800000, 0x000000062c800000| Complete 
|1114|0x000000062d000000, 0x000000062d800000, 0x000000062d800000|100%| E|CS|TAMS 0x000000062d000000, 0x000000062d000000| Complete 
|1115|0x000000062d800000, 0x000000062e000000, 0x000000062e000000|100%| E|CS|TAMS 0x000000062d800000, 0x000000062d800000| Complete 
|1116|0x000000062e000000, 0x000000062e800000, 0x000000062e800000|100%| E|CS|TAMS 0x000000062e000000, 0x000000062e000000| Complete 
|1117|0x000000062e800000, 0x000000062f000000, 0x000000062f000000|100%| E|CS|TAMS 0x000000062e800000, 0x000000062e800000| Complete 
|1118|0x000000062f000000, 0x000000062f800000, 0x000000062f800000|100%| E|CS|TAMS 0x000000062f000000, 0x000000062f000000| Complete 
|1119|0x000000062f800000, 0x0000000630000000, 0x0000000630000000|100%| E|CS|TAMS 0x000000062f800000, 0x000000062f800000| Complete 
|1120|0x0000000630000000, 0x0000000630800000, 0x0000000630800000|100%| E|CS|TAMS 0x0000000630000000, 0x0000000630000000| Complete 
|1121|0x0000000630800000, 0x0000000631000000, 0x0000000631000000|100%| E|CS|TAMS 0x0000000630800000, 0x0000000630800000| Complete 
|1122|0x0000000631000000, 0x0000000631800000, 0x0000000631800000|100%| E|CS|TAMS 0x0000000631000000, 0x0000000631000000| Complete 
|1123|0x0000000631800000, 0x0000000632000000, 0x0000000632000000|100%| E|CS|TAMS 0x0000000631800000, 0x0000000631800000| Complete 
|1124|0x0000000632000000, 0x0000000632800000, 0x0000000632800000|100%| E|CS|TAMS 0x0000000632000000, 0x0000000632000000| Complete 
|1125|0x0000000632800000, 0x0000000633000000, 0x0000000633000000|100%| E|CS|TAMS 0x0000000632800000, 0x0000000632800000| Complete 
|1126|0x0000000633000000, 0x0000000633800000, 0x0000000633800000|100%| E|CS|TAMS 0x0000000633000000, 0x0000000633000000| Complete 
|1127|0x0000000633800000, 0x0000000634000000, 0x0000000634000000|100%| E|CS|TAMS 0x0000000633800000, 0x0000000633800000| Complete 
|1128|0x0000000634000000, 0x0000000634800000, 0x0000000634800000|100%| E|CS|TAMS 0x0000000634000000, 0x0000000634000000| Complete 
|1129|0x0000000634800000, 0x0000000635000000, 0x0000000635000000|100%| E|CS|TAMS 0x0000000634800000, 0x0000000634800000| Complete 
|1130|0x0000000635000000, 0x0000000635800000, 0x0000000635800000|100%| E|CS|TAMS 0x0000000635000000, 0x0000000635000000| Complete 
|1131|0x0000000635800000, 0x0000000636000000, 0x0000000636000000|100%| E|CS|TAMS 0x0000000635800000, 0x0000000635800000| Complete 
|1132|0x0000000636000000, 0x0000000636800000, 0x0000000636800000|100%| E|CS|TAMS 0x0000000636000000, 0x0000000636000000| Complete 
|1133|0x0000000636800000, 0x0000000637000000, 0x0000000637000000|100%| E|CS|TAMS 0x0000000636800000, 0x0000000636800000| Complete 
|1134|0x0000000637000000, 0x0000000637800000, 0x0000000637800000|100%| E|CS|TAMS 0x0000000637000000, 0x0000000637000000| Complete 
|1135|0x0000000637800000, 0x0000000638000000, 0x0000000638000000|100%| E|CS|TAMS 0x0000000637800000, 0x0000000637800000| Complete 
|1136|0x0000000638000000, 0x0000000638800000, 0x0000000638800000|100%| E|CS|TAMS 0x0000000638000000, 0x0000000638000000| Complete 
|1137|0x0000000638800000, 0x0000000639000000, 0x0000000639000000|100%| E|CS|TAMS 0x0000000638800000, 0x0000000638800000| Complete 
|1138|0x0000000639000000, 0x0000000639800000, 0x0000000639800000|100%| E|CS|TAMS 0x0000000639000000, 0x0000000639000000| Complete 
|1139|0x0000000639800000, 0x000000063a000000, 0x000000063a000000|100%| E|CS|TAMS 0x0000000639800000, 0x0000000639800000| Complete 
|1140|0x000000063a000000, 0x000000063a800000, 0x000000063a800000|100%| E|CS|TAMS 0x000000063a000000, 0x000000063a000000| Complete 
|1141|0x000000063a800000, 0x000000063b000000, 0x000000063b000000|100%| E|CS|TAMS 0x000000063a800000, 0x000000063a800000| Complete 
|1142|0x000000063b000000, 0x000000063b800000, 0x000000063b800000|100%| E|CS|TAMS 0x000000063b000000, 0x000000063b000000| Complete 
|1143|0x000000063b800000, 0x000000063c000000, 0x000000063c000000|100%| E|CS|TAMS 0x000000063b800000, 0x000000063b800000| Complete 
|1144|0x000000063c000000, 0x000000063c800000, 0x000000063c800000|100%| E|CS|TAMS 0x000000063c000000, 0x000000063c000000| Complete 
|1145|0x000000063c800000, 0x000000063d000000, 0x000000063d000000|100%| E|CS|TAMS 0x000000063c800000, 0x000000063c800000| Complete 
|1146|0x000000063d000000, 0x000000063d800000, 0x000000063d800000|100%| E|CS|TAMS 0x000000063d000000, 0x000000063d000000| Complete 
|1147|0x000000063d800000, 0x000000063e000000, 0x000000063e000000|100%| E|CS|TAMS 0x000000063d800000, 0x000000063d800000| Complete 
|1148|0x000000063e000000, 0x000000063e800000, 0x000000063e800000|100%| E|CS|TAMS 0x000000063e000000, 0x000000063e000000| Complete 
|1149|0x000000063e800000, 0x000000063f000000, 0x000000063f000000|100%| E|CS|TAMS 0x000000063e800000, 0x000000063e800000| Complete 
|1150|0x000000063f000000, 0x000000063f800000, 0x000000063f800000|100%| E|CS|TAMS 0x000000063f000000, 0x000000063f000000| Complete 
|1151|0x000000063f800000, 0x0000000640000000, 0x0000000640000000|100%| E|CS|TAMS 0x000000063f800000, 0x000000063f800000| Complete 
|1152|0x0000000640000000, 0x0000000640800000, 0x0000000640800000|100%| E|CS|TAMS 0x0000000640000000, 0x0000000640000000| Complete 
|1153|0x0000000640800000, 0x0000000641000000, 0x0000000641000000|100%| E|CS|TAMS 0x0000000640800000, 0x0000000640800000| Complete 
|1154|0x0000000641000000, 0x0000000641800000, 0x0000000641800000|100%| E|CS|TAMS 0x0000000641000000, 0x0000000641000000| Complete 
|1155|0x0000000641800000, 0x0000000642000000, 0x0000000642000000|100%| E|CS|TAMS 0x0000000641800000, 0x0000000641800000| Complete 
|1156|0x0000000642000000, 0x0000000642800000, 0x0000000642800000|100%| E|CS|TAMS 0x0000000642000000, 0x0000000642000000| Complete 
|1157|0x0000000642800000, 0x0000000643000000, 0x0000000643000000|100%| E|CS|TAMS 0x0000000642800000, 0x0000000642800000| Complete 
|1158|0x0000000643000000, 0x0000000643800000, 0x0000000643800000|100%| E|CS|TAMS 0x0000000643000000, 0x0000000643000000| Complete 
|1159|0x0000000643800000, 0x0000000644000000, 0x0000000644000000|100%| E|CS|TAMS 0x0000000643800000, 0x0000000643800000| Complete 
|1160|0x0000000644000000, 0x0000000644800000, 0x0000000644800000|100%| E|CS|TAMS 0x0000000644000000, 0x0000000644000000| Complete 
|1161|0x0000000644800000, 0x0000000645000000, 0x0000000645000000|100%| E|CS|TAMS 0x0000000644800000, 0x0000000644800000| Complete 
|1162|0x0000000645000000, 0x0000000645800000, 0x0000000645800000|100%| E|CS|TAMS 0x0000000645000000, 0x0000000645000000| Complete 
|1163|0x0000000645800000, 0x0000000646000000, 0x0000000646000000|100%| E|CS|TAMS 0x0000000645800000, 0x0000000645800000| Complete 
|1164|0x0000000646000000, 0x0000000646800000, 0x0000000646800000|100%| E|CS|TAMS 0x0000000646000000, 0x0000000646000000| Complete 
|1165|0x0000000646800000, 0x0000000647000000, 0x0000000647000000|100%| E|CS|TAMS 0x0000000646800000, 0x0000000646800000| Complete 
|1166|0x0000000647000000, 0x0000000647800000, 0x0000000647800000|100%| E|CS|TAMS 0x0000000647000000, 0x0000000647000000| Complete 
|1167|0x0000000647800000, 0x0000000648000000, 0x0000000648000000|100%| E|CS|TAMS 0x0000000647800000, 0x0000000647800000| Complete 
|1168|0x0000000648000000, 0x0000000648800000, 0x0000000648800000|100%| E|CS|TAMS 0x0000000648000000, 0x0000000648000000| Complete 
|1169|0x0000000648800000, 0x0000000649000000, 0x0000000649000000|100%| E|CS|TAMS 0x0000000648800000, 0x0000000648800000| Complete 
|1170|0x0000000649000000, 0x0000000649800000, 0x0000000649800000|100%| E|CS|TAMS 0x0000000649000000, 0x0000000649000000| Complete 
|1171|0x0000000649800000, 0x000000064a000000, 0x000000064a000000|100%| E|CS|TAMS 0x0000000649800000, 0x0000000649800000| Complete 
|1172|0x000000064a000000, 0x000000064a800000, 0x000000064a800000|100%| E|CS|TAMS 0x000000064a000000, 0x000000064a000000| Complete 
|1173|0x000000064a800000, 0x000000064b000000, 0x000000064b000000|100%| E|CS|TAMS 0x000000064a800000, 0x000000064a800000| Complete 
|1174|0x000000064b000000, 0x000000064b800000, 0x000000064b800000|100%| E|CS|TAMS 0x000000064b000000, 0x000000064b000000| Complete 
|1175|0x000000064b800000, 0x000000064c000000, 0x000000064c000000|100%| E|CS|TAMS 0x000000064b800000, 0x000000064b800000| Complete 
|1176|0x000000064c000000, 0x000000064c800000, 0x000000064c800000|100%| E|CS|TAMS 0x000000064c000000, 0x000000064c000000| Complete 
|1177|0x000000064c800000, 0x000000064d000000, 0x000000064d000000|100%| E|CS|TAMS 0x000000064c800000, 0x000000064c800000| Complete 
|1178|0x000000064d000000, 0x000000064d800000, 0x000000064d800000|100%| E|CS|TAMS 0x000000064d000000, 0x000000064d000000| Complete 
|1179|0x000000064d800000, 0x000000064e000000, 0x000000064e000000|100%| E|CS|TAMS 0x000000064d800000, 0x000000064d800000| Complete 
|1180|0x000000064e000000, 0x000000064e800000, 0x000000064e800000|100%| E|CS|TAMS 0x000000064e000000, 0x000000064e000000| Complete 
|1181|0x000000064e800000, 0x000000064f000000, 0x000000064f000000|100%| E|CS|TAMS 0x000000064e800000, 0x000000064e800000| Complete 
|1182|0x000000064f000000, 0x000000064f800000, 0x000000064f800000|100%| E|CS|TAMS 0x000000064f000000, 0x000000064f000000| Complete 
|1183|0x000000064f800000, 0x0000000650000000, 0x0000000650000000|100%| E|CS|TAMS 0x000000064f800000, 0x000000064f800000| Complete 
|1184|0x0000000650000000, 0x0000000650800000, 0x0000000650800000|100%| E|CS|TAMS 0x0000000650000000, 0x0000000650000000| Complete 
|1185|0x0000000650800000, 0x0000000651000000, 0x0000000651000000|100%| E|CS|TAMS 0x0000000650800000, 0x0000000650800000| Complete 
|1186|0x0000000651000000, 0x0000000651800000, 0x0000000651800000|100%| E|CS|TAMS 0x0000000651000000, 0x0000000651000000| Complete 
|1187|0x0000000651800000, 0x0000000652000000, 0x0000000652000000|100%| E|CS|TAMS 0x0000000651800000, 0x0000000651800000| Complete 
|1188|0x0000000652000000, 0x0000000652800000, 0x0000000652800000|100%| E|CS|TAMS 0x0000000652000000, 0x0000000652000000| Complete 
|1189|0x0000000652800000, 0x0000000653000000, 0x0000000653000000|100%| E|CS|TAMS 0x0000000652800000, 0x0000000652800000| Complete 
|1190|0x0000000653000000, 0x0000000653800000, 0x0000000653800000|100%| E|CS|TAMS 0x0000000653000000, 0x0000000653000000| Complete 
|1191|0x0000000653800000, 0x0000000654000000, 0x0000000654000000|100%| E|CS|TAMS 0x0000000653800000, 0x0000000653800000| Complete 
|1192|0x0000000654000000, 0x0000000654800000, 0x0000000654800000|100%| E|CS|TAMS 0x0000000654000000, 0x0000000654000000| Complete 
|1193|0x0000000654800000, 0x0000000655000000, 0x0000000655000000|100%| E|CS|TAMS 0x0000000654800000, 0x0000000654800000| Complete 
|1194|0x0000000655000000, 0x0000000655800000, 0x0000000655800000|100%| E|CS|TAMS 0x0000000655000000, 0x0000000655000000| Complete 
|1195|0x0000000655800000, 0x0000000656000000, 0x0000000656000000|100%| E|CS|TAMS 0x0000000655800000, 0x0000000655800000| Complete 
|1196|0x0000000656000000, 0x0000000656800000, 0x0000000656800000|100%| E|CS|TAMS 0x0000000656000000, 0x0000000656000000| Complete 
|1197|0x0000000656800000, 0x0000000657000000, 0x0000000657000000|100%| E|CS|TAMS 0x0000000656800000, 0x0000000656800000| Complete 
|1198|0x0000000657000000, 0x0000000657800000, 0x0000000657800000|100%| E|CS|TAMS 0x0000000657000000, 0x0000000657000000| Complete 
|1199|0x0000000657800000, 0x0000000658000000, 0x0000000658000000|100%| E|CS|TAMS 0x0000000657800000, 0x0000000657800000| Complete 
|1200|0x0000000658000000, 0x0000000658800000, 0x0000000658800000|100%| E|CS|TAMS 0x0000000658000000, 0x0000000658000000| Complete 
|1201|0x0000000658800000, 0x0000000659000000, 0x0000000659000000|100%| E|CS|TAMS 0x0000000658800000, 0x0000000658800000| Complete 
|1202|0x0000000659000000, 0x0000000659800000, 0x0000000659800000|100%| E|CS|TAMS 0x0000000659000000, 0x0000000659000000| Complete 
|1203|0x0000000659800000, 0x000000065a000000, 0x000000065a000000|100%| E|CS|TAMS 0x0000000659800000, 0x0000000659800000| Complete 
|1204|0x000000065a000000, 0x000000065a800000, 0x000000065a800000|100%| E|CS|TAMS 0x000000065a000000, 0x000000065a000000| Complete 
|1205|0x000000065a800000, 0x000000065b000000, 0x000000065b000000|100%| E|CS|TAMS 0x000000065a800000, 0x000000065a800000| Complete 
|1206|0x000000065b000000, 0x000000065b800000, 0x000000065b800000|100%| E|CS|TAMS 0x000000065b000000, 0x000000065b000000| Complete 
|1207|0x000000065b800000, 0x000000065c000000, 0x000000065c000000|100%| E|CS|TAMS 0x000000065b800000, 0x000000065b800000| Complete 
|1208|0x000000065c000000, 0x000000065c800000, 0x000000065c800000|100%| E|CS|TAMS 0x000000065c000000, 0x000000065c000000| Complete 
|1209|0x000000065c800000, 0x000000065d000000, 0x000000065d000000|100%| E|CS|TAMS 0x000000065c800000, 0x000000065c800000| Complete 
|1210|0x000000065d000000, 0x000000065d800000, 0x000000065d800000|100%| E|CS|TAMS 0x000000065d000000, 0x000000065d000000| Complete 
|1211|0x000000065d800000, 0x000000065e000000, 0x000000065e000000|100%| E|CS|TAMS 0x000000065d800000, 0x000000065d800000| Complete 
|1212|0x000000065e000000, 0x000000065e800000, 0x000000065e800000|100%| E|CS|TAMS 0x000000065e000000, 0x000000065e000000| Complete 
|1213|0x000000065e800000, 0x000000065f000000, 0x000000065f000000|100%| E|CS|TAMS 0x000000065e800000, 0x000000065e800000| Complete 
|1214|0x000000065f000000, 0x000000065f800000, 0x000000065f800000|100%| E|CS|TAMS 0x000000065f000000, 0x000000065f000000| Complete 
|1215|0x000000065f800000, 0x0000000660000000, 0x0000000660000000|100%| E|CS|TAMS 0x000000065f800000, 0x000000065f800000| Complete 
|1216|0x0000000660000000, 0x0000000660800000, 0x0000000660800000|100%| E|CS|TAMS 0x0000000660000000, 0x0000000660000000| Complete 
|1217|0x0000000660800000, 0x0000000661000000, 0x0000000661000000|100%| E|CS|TAMS 0x0000000660800000, 0x0000000660800000| Complete 
|1218|0x0000000661000000, 0x0000000661800000, 0x0000000661800000|100%| E|CS|TAMS 0x0000000661000000, 0x0000000661000000| Complete 
|1219|0x0000000661800000, 0x0000000662000000, 0x0000000662000000|100%| E|CS|TAMS 0x0000000661800000, 0x0000000661800000| Complete 
|1220|0x0000000662000000, 0x0000000662800000, 0x0000000662800000|100%| E|CS|TAMS 0x0000000662000000, 0x0000000662000000| Complete 
|1221|0x0000000662800000, 0x0000000663000000, 0x0000000663000000|100%| E|CS|TAMS 0x0000000662800000, 0x0000000662800000| Complete 
|1222|0x0000000663000000, 0x0000000663800000, 0x0000000663800000|100%| E|CS|TAMS 0x0000000663000000, 0x0000000663000000| Complete 
|1223|0x0000000663800000, 0x0000000664000000, 0x0000000664000000|100%| E|CS|TAMS 0x0000000663800000, 0x0000000663800000| Complete 
|1224|0x0000000664000000, 0x0000000664800000, 0x0000000664800000|100%| E|CS|TAMS 0x0000000664000000, 0x0000000664000000| Complete 
|1225|0x0000000664800000, 0x0000000665000000, 0x0000000665000000|100%| E|CS|TAMS 0x0000000664800000, 0x0000000664800000| Complete 
|1226|0x0000000665000000, 0x0000000665800000, 0x0000000665800000|100%| E|CS|TAMS 0x0000000665000000, 0x0000000665000000| Complete 
|1227|0x0000000665800000, 0x0000000666000000, 0x0000000666000000|100%| E|CS|TAMS 0x0000000665800000, 0x0000000665800000| Complete 
|1228|0x0000000666000000, 0x0000000666800000, 0x0000000666800000|100%| E|CS|TAMS 0x0000000666000000, 0x0000000666000000| Complete 
|1229|0x0000000666800000, 0x0000000667000000, 0x0000000667000000|100%| E|CS|TAMS 0x0000000666800000, 0x0000000666800000| Complete 
|1230|0x0000000667000000, 0x0000000667800000, 0x0000000667800000|100%| E|CS|TAMS 0x0000000667000000, 0x0000000667000000| Complete 
|1231|0x0000000667800000, 0x0000000668000000, 0x0000000668000000|100%| E|CS|TAMS 0x0000000667800000, 0x0000000667800000| Complete 
|1232|0x0000000668000000, 0x0000000668800000, 0x0000000668800000|100%| E|CS|TAMS 0x0000000668000000, 0x0000000668000000| Complete 
|1233|0x0000000668800000, 0x0000000669000000, 0x0000000669000000|100%| E|CS|TAMS 0x0000000668800000, 0x0000000668800000| Complete 
|1234|0x0000000669000000, 0x0000000669800000, 0x0000000669800000|100%| E|CS|TAMS 0x0000000669000000, 0x0000000669000000| Complete 
|1235|0x0000000669800000, 0x000000066a000000, 0x000000066a000000|100%| E|CS|TAMS 0x0000000669800000, 0x0000000669800000| Complete 
|1236|0x000000066a000000, 0x000000066a800000, 0x000000066a800000|100%| E|CS|TAMS 0x000000066a000000, 0x000000066a000000| Complete 
|1237|0x000000066a800000, 0x000000066b000000, 0x000000066b000000|100%| E|CS|TAMS 0x000000066a800000, 0x000000066a800000| Complete 
|1238|0x000000066b000000, 0x000000066b800000, 0x000000066b800000|100%| E|CS|TAMS 0x000000066b000000, 0x000000066b000000| Complete 
|1239|0x000000066b800000, 0x000000066c000000, 0x000000066c000000|100%| E|CS|TAMS 0x000000066b800000, 0x000000066b800000| Complete 
|1240|0x000000066c000000, 0x000000066c800000, 0x000000066c800000|100%| E|CS|TAMS 0x000000066c000000, 0x000000066c000000| Complete 
|1241|0x000000066c800000, 0x000000066d000000, 0x000000066d000000|100%| E|CS|TAMS 0x000000066c800000, 0x000000066c800000| Complete 
|1242|0x000000066d000000, 0x000000066d800000, 0x000000066d800000|100%| E|CS|TAMS 0x000000066d000000, 0x000000066d000000| Complete 
|1243|0x000000066d800000, 0x000000066e000000, 0x000000066e000000|100%| E|CS|TAMS 0x000000066d800000, 0x000000066d800000| Complete 
|1244|0x000000066e000000, 0x000000066e800000, 0x000000066e800000|100%| E|CS|TAMS 0x000000066e000000, 0x000000066e000000| Complete 
|1245|0x000000066e800000, 0x000000066f000000, 0x000000066f000000|100%| E|CS|TAMS 0x000000066e800000, 0x000000066e800000| Complete 
|1246|0x000000066f000000, 0x000000066f800000, 0x000000066f800000|100%| E|CS|TAMS 0x000000066f000000, 0x000000066f000000| Complete 
|1247|0x000000066f800000, 0x0000000670000000, 0x0000000670000000|100%| E|CS|TAMS 0x000000066f800000, 0x000000066f800000| Complete 
|1248|0x0000000670000000, 0x0000000670800000, 0x0000000670800000|100%| E|CS|TAMS 0x0000000670000000, 0x0000000670000000| Complete 
|1249|0x0000000670800000, 0x0000000671000000, 0x0000000671000000|100%| E|CS|TAMS 0x0000000670800000, 0x0000000670800000| Complete 
|1250|0x0000000671000000, 0x0000000671800000, 0x0000000671800000|100%| E|CS|TAMS 0x0000000671000000, 0x0000000671000000| Complete 
|1251|0x0000000671800000, 0x0000000672000000, 0x0000000672000000|100%| E|CS|TAMS 0x0000000671800000, 0x0000000671800000| Complete 
|1252|0x0000000672000000, 0x0000000672800000, 0x0000000672800000|100%| E|CS|TAMS 0x0000000672000000, 0x0000000672000000| Complete 
|1253|0x0000000672800000, 0x0000000673000000, 0x0000000673000000|100%| E|CS|TAMS 0x0000000672800000, 0x0000000672800000| Complete 
|1254|0x0000000673000000, 0x0000000673800000, 0x0000000673800000|100%| E|CS|TAMS 0x0000000673000000, 0x0000000673000000| Complete 
|1255|0x0000000673800000, 0x0000000674000000, 0x0000000674000000|100%| E|CS|TAMS 0x0000000673800000, 0x0000000673800000| Complete 
|1256|0x0000000674000000, 0x0000000674800000, 0x0000000674800000|100%| E|CS|TAMS 0x0000000674000000, 0x0000000674000000| Complete 
|1257|0x0000000674800000, 0x0000000675000000, 0x0000000675000000|100%| E|CS|TAMS 0x0000000674800000, 0x0000000674800000| Complete 
|1258|0x0000000675000000, 0x0000000675800000, 0x0000000675800000|100%| E|CS|TAMS 0x0000000675000000, 0x0000000675000000| Complete 
|1259|0x0000000675800000, 0x0000000676000000, 0x0000000676000000|100%| E|CS|TAMS 0x0000000675800000, 0x0000000675800000| Complete 
|1260|0x0000000676000000, 0x0000000676800000, 0x0000000676800000|100%| E|CS|TAMS 0x0000000676000000, 0x0000000676000000| Complete 
|1261|0x0000000676800000, 0x0000000677000000, 0x0000000677000000|100%| E|CS|TAMS 0x0000000676800000, 0x0000000676800000| Complete 
|1262|0x0000000677000000, 0x0000000677800000, 0x0000000677800000|100%| E|CS|TAMS 0x0000000677000000, 0x0000000677000000| Complete 
|1263|0x0000000677800000, 0x0000000678000000, 0x0000000678000000|100%| E|CS|TAMS 0x0000000677800000, 0x0000000677800000| Complete 
|1264|0x0000000678000000, 0x0000000678800000, 0x0000000678800000|100%| E|CS|TAMS 0x0000000678000000, 0x0000000678000000| Complete 
|1265|0x0000000678800000, 0x0000000679000000, 0x0000000679000000|100%| E|CS|TAMS 0x0000000678800000, 0x0000000678800000| Complete 
|1266|0x0000000679000000, 0x0000000679800000, 0x0000000679800000|100%| E|CS|TAMS 0x0000000679000000, 0x0000000679000000| Complete 
|1267|0x0000000679800000, 0x000000067a000000, 0x000000067a000000|100%| E|CS|TAMS 0x0000000679800000, 0x0000000679800000| Complete 
|1268|0x000000067a000000, 0x000000067a800000, 0x000000067a800000|100%| E|CS|TAMS 0x000000067a000000, 0x000000067a000000| Complete 
|1269|0x000000067a800000, 0x000000067b000000, 0x000000067b000000|100%| E|CS|TAMS 0x000000067a800000, 0x000000067a800000| Complete 
|1270|0x000000067b000000, 0x000000067b800000, 0x000000067b800000|100%| E|CS|TAMS 0x000000067b000000, 0x000000067b000000| Complete 
|1271|0x000000067b800000, 0x000000067c000000, 0x000000067c000000|100%| E|CS|TAMS 0x000000067b800000, 0x000000067b800000| Complete 
|1272|0x000000067c000000, 0x000000067c800000, 0x000000067c800000|100%| E|CS|TAMS 0x000000067c000000, 0x000000067c000000| Complete 
|1273|0x000000067c800000, 0x000000067d000000, 0x000000067d000000|100%| E|CS|TAMS 0x000000067c800000, 0x000000067c800000| Complete 
|1274|0x000000067d000000, 0x000000067d800000, 0x000000067d800000|100%| E|CS|TAMS 0x000000067d000000, 0x000000067d000000| Complete 
|1275|0x000000067d800000, 0x000000067e000000, 0x000000067e000000|100%| E|CS|TAMS 0x000000067d800000, 0x000000067d800000| Complete 
|1276|0x000000067e000000, 0x000000067e800000, 0x000000067e800000|100%| E|CS|TAMS 0x000000067e000000, 0x000000067e000000| Complete 
|1277|0x000000067e800000, 0x000000067f000000, 0x000000067f000000|100%| E|CS|TAMS 0x000000067e800000, 0x000000067e800000| Complete 
|1278|0x000000067f000000, 0x000000067f800000, 0x000000067f800000|100%| E|CS|TAMS 0x000000067f000000, 0x000000067f000000| Complete 
|1279|0x000000067f800000, 0x0000000680000000, 0x0000000680000000|100%| E|CS|TAMS 0x000000067f800000, 0x000000067f800000| Complete 
|1280|0x0000000680000000, 0x0000000680800000, 0x0000000680800000|100%| E|CS|TAMS 0x0000000680000000, 0x0000000680000000| Complete 
|1281|0x0000000680800000, 0x0000000681000000, 0x0000000681000000|100%| E|CS|TAMS 0x0000000680800000, 0x0000000680800000| Complete 
|1282|0x0000000681000000, 0x0000000681800000, 0x0000000681800000|100%| E|CS|TAMS 0x0000000681000000, 0x0000000681000000| Complete 
|1283|0x0000000681800000, 0x0000000682000000, 0x0000000682000000|100%| E|CS|TAMS 0x0000000681800000, 0x0000000681800000| Complete 
|1284|0x0000000682000000, 0x0000000682800000, 0x0000000682800000|100%| E|CS|TAMS 0x0000000682000000, 0x0000000682000000| Complete 
|1285|0x0000000682800000, 0x0000000683000000, 0x0000000683000000|100%| E|CS|TAMS 0x0000000682800000, 0x0000000682800000| Complete 
|1286|0x0000000683000000, 0x0000000683800000, 0x0000000683800000|100%| E|CS|TAMS 0x0000000683000000, 0x0000000683000000| Complete 
|1287|0x0000000683800000, 0x0000000684000000, 0x0000000684000000|100%| E|CS|TAMS 0x0000000683800000, 0x0000000683800000| Complete 
|1288|0x0000000684000000, 0x0000000684800000, 0x0000000684800000|100%| E|CS|TAMS 0x0000000684000000, 0x0000000684000000| Complete 
|1289|0x0000000684800000, 0x0000000685000000, 0x0000000685000000|100%| E|CS|TAMS 0x0000000684800000, 0x0000000684800000| Complete 
|1290|0x0000000685000000, 0x0000000685800000, 0x0000000685800000|100%| E|CS|TAMS 0x0000000685000000, 0x0000000685000000| Complete 
|1291|0x0000000685800000, 0x0000000686000000, 0x0000000686000000|100%| E|CS|TAMS 0x0000000685800000, 0x0000000685800000| Complete 
|1292|0x0000000686000000, 0x0000000686800000, 0x0000000686800000|100%| E|CS|TAMS 0x0000000686000000, 0x0000000686000000| Complete 
|1293|0x0000000686800000, 0x0000000687000000, 0x0000000687000000|100%| E|CS|TAMS 0x0000000686800000, 0x0000000686800000| Complete 
|1294|0x0000000687000000, 0x0000000687800000, 0x0000000687800000|100%| E|CS|TAMS 0x0000000687000000, 0x0000000687000000| Complete 
|1295|0x0000000687800000, 0x0000000688000000, 0x0000000688000000|100%| E|CS|TAMS 0x0000000687800000, 0x0000000687800000| Complete 
|1296|0x0000000688000000, 0x0000000688800000, 0x0000000688800000|100%| E|CS|TAMS 0x0000000688000000, 0x0000000688000000| Complete 
|1297|0x0000000688800000, 0x0000000689000000, 0x0000000689000000|100%| E|CS|TAMS 0x0000000688800000, 0x0000000688800000| Complete 
|1298|0x0000000689000000, 0x0000000689800000, 0x0000000689800000|100%| E|CS|TAMS 0x0000000689000000, 0x0000000689000000| Complete 
|1299|0x0000000689800000, 0x000000068a000000, 0x000000068a000000|100%| E|CS|TAMS 0x0000000689800000, 0x0000000689800000| Complete 
|1300|0x000000068a000000, 0x000000068a800000, 0x000000068a800000|100%| E|CS|TAMS 0x000000068a000000, 0x000000068a000000| Complete 
|1301|0x000000068a800000, 0x000000068b000000, 0x000000068b000000|100%| E|CS|TAMS 0x000000068a800000, 0x000000068a800000| Complete 
|1302|0x000000068b000000, 0x000000068b800000, 0x000000068b800000|100%| E|CS|TAMS 0x000000068b000000, 0x000000068b000000| Complete 
|1303|0x000000068b800000, 0x000000068c000000, 0x000000068c000000|100%| E|CS|TAMS 0x000000068b800000, 0x000000068b800000| Complete 
|1304|0x000000068c000000, 0x000000068c800000, 0x000000068c800000|100%| E|CS|TAMS 0x000000068c000000, 0x000000068c000000| Complete 
|1305|0x000000068c800000, 0x000000068d000000, 0x000000068d000000|100%| E|CS|TAMS 0x000000068c800000, 0x000000068c800000| Complete 
|1306|0x000000068d000000, 0x000000068d800000, 0x000000068d800000|100%| E|CS|TAMS 0x000000068d000000, 0x000000068d000000| Complete 
|1307|0x000000068d800000, 0x000000068e000000, 0x000000068e000000|100%| E|CS|TAMS 0x000000068d800000, 0x000000068d800000| Complete 
|1308|0x000000068e000000, 0x000000068e800000, 0x000000068e800000|100%| E|CS|TAMS 0x000000068e000000, 0x000000068e000000| Complete 
|1309|0x000000068e800000, 0x000000068f000000, 0x000000068f000000|100%| E|CS|TAMS 0x000000068e800000, 0x000000068e800000| Complete 
|1310|0x000000068f000000, 0x000000068f800000, 0x000000068f800000|100%| E|CS|TAMS 0x000000068f000000, 0x000000068f000000| Complete 
|1311|0x000000068f800000, 0x0000000690000000, 0x0000000690000000|100%| E|CS|TAMS 0x000000068f800000, 0x000000068f800000| Complete 
|1312|0x0000000690000000, 0x0000000690800000, 0x0000000690800000|100%| E|CS|TAMS 0x0000000690000000, 0x0000000690000000| Complete 
|1313|0x0000000690800000, 0x0000000691000000, 0x0000000691000000|100%| E|CS|TAMS 0x0000000690800000, 0x0000000690800000| Complete 
|1314|0x0000000691000000, 0x0000000691800000, 0x0000000691800000|100%| E|CS|TAMS 0x0000000691000000, 0x0000000691000000| Complete 
|1315|0x0000000691800000, 0x0000000692000000, 0x0000000692000000|100%| E|CS|TAMS 0x0000000691800000, 0x0000000691800000| Complete 
|1316|0x0000000692000000, 0x0000000692800000, 0x0000000692800000|100%| E|CS|TAMS 0x0000000692000000, 0x0000000692000000| Complete 
|1317|0x0000000692800000, 0x0000000693000000, 0x0000000693000000|100%| E|CS|TAMS 0x0000000692800000, 0x0000000692800000| Complete 
|1318|0x0000000693000000, 0x0000000693800000, 0x0000000693800000|100%| E|CS|TAMS 0x0000000693000000, 0x0000000693000000| Complete 
|1319|0x0000000693800000, 0x0000000694000000, 0x0000000694000000|100%| E|CS|TAMS 0x0000000693800000, 0x0000000693800000| Complete 
|1320|0x0000000694000000, 0x0000000694800000, 0x0000000694800000|100%| E|CS|TAMS 0x0000000694000000, 0x0000000694000000| Complete 
|1321|0x0000000694800000, 0x0000000695000000, 0x0000000695000000|100%| E|CS|TAMS 0x0000000694800000, 0x0000000694800000| Complete 
|1322|0x0000000695000000, 0x0000000695800000, 0x0000000695800000|100%| E|CS|TAMS 0x0000000695000000, 0x0000000695000000| Complete 
|1323|0x0000000695800000, 0x0000000696000000, 0x0000000696000000|100%| E|CS|TAMS 0x0000000695800000, 0x0000000695800000| Complete 
|1324|0x0000000696000000, 0x0000000696800000, 0x0000000696800000|100%| E|CS|TAMS 0x0000000696000000, 0x0000000696000000| Complete 
|1325|0x0000000696800000, 0x0000000697000000, 0x0000000697000000|100%| E|CS|TAMS 0x0000000696800000, 0x0000000696800000| Complete 
|1326|0x0000000697000000, 0x0000000697800000, 0x0000000697800000|100%| E|CS|TAMS 0x0000000697000000, 0x0000000697000000| Complete 
|1327|0x0000000697800000, 0x0000000698000000, 0x0000000698000000|100%| E|CS|TAMS 0x0000000697800000, 0x0000000697800000| Complete 
|1328|0x0000000698000000, 0x0000000698800000, 0x0000000698800000|100%| E|CS|TAMS 0x0000000698000000, 0x0000000698000000| Complete 
|1329|0x0000000698800000, 0x0000000699000000, 0x0000000699000000|100%| E|CS|TAMS 0x0000000698800000, 0x0000000698800000| Complete 
|1330|0x0000000699000000, 0x0000000699800000, 0x0000000699800000|100%| E|CS|TAMS 0x0000000699000000, 0x0000000699000000| Complete 
|1331|0x0000000699800000, 0x000000069a000000, 0x000000069a000000|100%| E|CS|TAMS 0x0000000699800000, 0x0000000699800000| Complete 
|1332|0x000000069a000000, 0x000000069a800000, 0x000000069a800000|100%| E|CS|TAMS 0x000000069a000000, 0x000000069a000000| Complete 
|1333|0x000000069a800000, 0x000000069b000000, 0x000000069b000000|100%| E|CS|TAMS 0x000000069a800000, 0x000000069a800000| Complete 
|1334|0x000000069b000000, 0x000000069b800000, 0x000000069b800000|100%| E|CS|TAMS 0x000000069b000000, 0x000000069b000000| Complete 
|1335|0x000000069b800000, 0x000000069c000000, 0x000000069c000000|100%| E|CS|TAMS 0x000000069b800000, 0x000000069b800000| Complete 
|1336|0x000000069c000000, 0x000000069c800000, 0x000000069c800000|100%| E|CS|TAMS 0x000000069c000000, 0x000000069c000000| Complete 
|1337|0x000000069c800000, 0x000000069d000000, 0x000000069d000000|100%| E|CS|TAMS 0x000000069c800000, 0x000000069c800000| Complete 
|1338|0x000000069d000000, 0x000000069d800000, 0x000000069d800000|100%| E|CS|TAMS 0x000000069d000000, 0x000000069d000000| Complete 
|1339|0x000000069d800000, 0x000000069e000000, 0x000000069e000000|100%| E|CS|TAMS 0x000000069d800000, 0x000000069d800000| Complete 
|1340|0x000000069e000000, 0x000000069e800000, 0x000000069e800000|100%| E|CS|TAMS 0x000000069e000000, 0x000000069e000000| Complete 
|1341|0x000000069e800000, 0x000000069f000000, 0x000000069f000000|100%| E|CS|TAMS 0x000000069e800000, 0x000000069e800000| Complete 
|1342|0x000000069f000000, 0x000000069f800000, 0x000000069f800000|100%| E|CS|TAMS 0x000000069f000000, 0x000000069f000000| Complete 
|1343|0x000000069f800000, 0x00000006a0000000, 0x00000006a0000000|100%| E|CS|TAMS 0x000000069f800000, 0x000000069f800000| Complete 
|1344|0x00000006a0000000, 0x00000006a0800000, 0x00000006a0800000|100%| E|CS|TAMS 0x00000006a0000000, 0x00000006a0000000| Complete 
|1345|0x00000006a0800000, 0x00000006a1000000, 0x00000006a1000000|100%| E|CS|TAMS 0x00000006a0800000, 0x00000006a0800000| Complete 
|1346|0x00000006a1000000, 0x00000006a1800000, 0x00000006a1800000|100%| E|CS|TAMS 0x00000006a1000000, 0x00000006a1000000| Complete 
|1347|0x00000006a1800000, 0x00000006a2000000, 0x00000006a2000000|100%| E|CS|TAMS 0x00000006a1800000, 0x00000006a1800000| Complete 
|1348|0x00000006a2000000, 0x00000006a2800000, 0x00000006a2800000|100%| E|CS|TAMS 0x00000006a2000000, 0x00000006a2000000| Complete 
|1349|0x00000006a2800000, 0x00000006a3000000, 0x00000006a3000000|100%| E|CS|TAMS 0x00000006a2800000, 0x00000006a2800000| Complete 
|1350|0x00000006a3000000, 0x00000006a3800000, 0x00000006a3800000|100%| E|CS|TAMS 0x00000006a3000000, 0x00000006a3000000| Complete 
|1351|0x00000006a3800000, 0x00000006a4000000, 0x00000006a4000000|100%| E|CS|TAMS 0x00000006a3800000, 0x00000006a3800000| Complete 
|1352|0x00000006a4000000, 0x00000006a4800000, 0x00000006a4800000|100%| E|CS|TAMS 0x00000006a4000000, 0x00000006a4000000| Complete 
|1353|0x00000006a4800000, 0x00000006a5000000, 0x00000006a5000000|100%| E|CS|TAMS 0x00000006a4800000, 0x00000006a4800000| Complete 
|1354|0x00000006a5000000, 0x00000006a5800000, 0x00000006a5800000|100%| E|CS|TAMS 0x00000006a5000000, 0x00000006a5000000| Complete 
|1355|0x00000006a5800000, 0x00000006a6000000, 0x00000006a6000000|100%| E|CS|TAMS 0x00000006a5800000, 0x00000006a5800000| Complete 
|1356|0x00000006a6000000, 0x00000006a6800000, 0x00000006a6800000|100%| E|CS|TAMS 0x00000006a6000000, 0x00000006a6000000| Complete 
|1357|0x00000006a6800000, 0x00000006a7000000, 0x00000006a7000000|100%| E|CS|TAMS 0x00000006a6800000, 0x00000006a6800000| Complete 
|1358|0x00000006a7000000, 0x00000006a7800000, 0x00000006a7800000|100%| E|CS|TAMS 0x00000006a7000000, 0x00000006a7000000| Complete 
|1359|0x00000006a7800000, 0x00000006a8000000, 0x00000006a8000000|100%| E|CS|TAMS 0x00000006a7800000, 0x00000006a7800000| Complete 
|1360|0x00000006a8000000, 0x00000006a8800000, 0x00000006a8800000|100%| E|CS|TAMS 0x00000006a8000000, 0x00000006a8000000| Complete 
|1361|0x00000006a8800000, 0x00000006a9000000, 0x00000006a9000000|100%| E|CS|TAMS 0x00000006a8800000, 0x00000006a8800000| Complete 
|1362|0x00000006a9000000, 0x00000006a9800000, 0x00000006a9800000|100%| E|CS|TAMS 0x00000006a9000000, 0x00000006a9000000| Complete 
|1363|0x00000006a9800000, 0x00000006aa000000, 0x00000006aa000000|100%| E|CS|TAMS 0x00000006a9800000, 0x00000006a9800000| Complete 
|1364|0x00000006aa000000, 0x00000006aa800000, 0x00000006aa800000|100%| E|CS|TAMS 0x00000006aa000000, 0x00000006aa000000| Complete 
|1365|0x00000006aa800000, 0x00000006ab000000, 0x00000006ab000000|100%| E|CS|TAMS 0x00000006aa800000, 0x00000006aa800000| Complete 
|1366|0x00000006ab000000, 0x00000006ab800000, 0x00000006ab800000|100%| E|CS|TAMS 0x00000006ab000000, 0x00000006ab000000| Complete 
|1367|0x00000006ab800000, 0x00000006ac000000, 0x00000006ac000000|100%| E|CS|TAMS 0x00000006ab800000, 0x00000006ab800000| Complete 
|1368|0x00000006ac000000, 0x00000006ac800000, 0x00000006ac800000|100%| E|CS|TAMS 0x00000006ac000000, 0x00000006ac000000| Complete 
|1369|0x00000006ac800000, 0x00000006ad000000, 0x00000006ad000000|100%| E|CS|TAMS 0x00000006ac800000, 0x00000006ac800000| Complete 
|1370|0x00000006ad000000, 0x00000006ad800000, 0x00000006ad800000|100%| E|CS|TAMS 0x00000006ad000000, 0x00000006ad000000| Complete 
|1371|0x00000006ad800000, 0x00000006ae000000, 0x00000006ae000000|100%| E|CS|TAMS 0x00000006ad800000, 0x00000006ad800000| Complete 
|1372|0x00000006ae000000, 0x00000006ae800000, 0x00000006ae800000|100%| E|CS|TAMS 0x00000006ae000000, 0x00000006ae000000| Complete 
|1373|0x00000006ae800000, 0x00000006af000000, 0x00000006af000000|100%| E|CS|TAMS 0x00000006ae800000, 0x00000006ae800000| Complete 
|1374|0x00000006af000000, 0x00000006af800000, 0x00000006af800000|100%| E|CS|TAMS 0x00000006af000000, 0x00000006af000000| Complete 
|1375|0x00000006af800000, 0x00000006b0000000, 0x00000006b0000000|100%| E|CS|TAMS 0x00000006af800000, 0x00000006af800000| Complete 
|1376|0x00000006b0000000, 0x00000006b0800000, 0x00000006b0800000|100%| E|CS|TAMS 0x00000006b0000000, 0x00000006b0000000| Complete 
|1377|0x00000006b0800000, 0x00000006b1000000, 0x00000006b1000000|100%| E|CS|TAMS 0x00000006b0800000, 0x00000006b0800000| Complete 
|1378|0x00000006b1000000, 0x00000006b1800000, 0x00000006b1800000|100%| E|CS|TAMS 0x00000006b1000000, 0x00000006b1000000| Complete 
|1379|0x00000006b1800000, 0x00000006b2000000, 0x00000006b2000000|100%| E|CS|TAMS 0x00000006b1800000, 0x00000006b1800000| Complete 
|1380|0x00000006b2000000, 0x00000006b2800000, 0x00000006b2800000|100%| E|CS|TAMS 0x00000006b2000000, 0x00000006b2000000| Complete 
|1381|0x00000006b2800000, 0x00000006b3000000, 0x00000006b3000000|100%| E|CS|TAMS 0x00000006b2800000, 0x00000006b2800000| Complete 
|1382|0x00000006b3000000, 0x00000006b3800000, 0x00000006b3800000|100%| E|CS|TAMS 0x00000006b3000000, 0x00000006b3000000| Complete 
|1383|0x00000006b3800000, 0x00000006b4000000, 0x00000006b4000000|100%| E|CS|TAMS 0x00000006b3800000, 0x00000006b3800000| Complete 
|1384|0x00000006b4000000, 0x00000006b4800000, 0x00000006b4800000|100%| E|CS|TAMS 0x00000006b4000000, 0x00000006b4000000| Complete 
|1385|0x00000006b4800000, 0x00000006b5000000, 0x00000006b5000000|100%| E|CS|TAMS 0x00000006b4800000, 0x00000006b4800000| Complete 
|1386|0x00000006b5000000, 0x00000006b5800000, 0x00000006b5800000|100%| E|CS|TAMS 0x00000006b5000000, 0x00000006b5000000| Complete 
|1387|0x00000006b5800000, 0x00000006b6000000, 0x00000006b6000000|100%| E|CS|TAMS 0x00000006b5800000, 0x00000006b5800000| Complete 
|1388|0x00000006b6000000, 0x00000006b6800000, 0x00000006b6800000|100%| E|CS|TAMS 0x00000006b6000000, 0x00000006b6000000| Complete 
|1389|0x00000006b6800000, 0x00000006b7000000, 0x00000006b7000000|100%| E|CS|TAMS 0x00000006b6800000, 0x00000006b6800000| Complete 
|1390|0x00000006b7000000, 0x00000006b7800000, 0x00000006b7800000|100%| E|CS|TAMS 0x00000006b7000000, 0x00000006b7000000| Complete 
|1391|0x00000006b7800000, 0x00000006b8000000, 0x00000006b8000000|100%| E|CS|TAMS 0x00000006b7800000, 0x00000006b7800000| Complete 
|1392|0x00000006b8000000, 0x00000006b8800000, 0x00000006b8800000|100%| E|CS|TAMS 0x00000006b8000000, 0x00000006b8000000| Complete 
|1393|0x00000006b8800000, 0x00000006b9000000, 0x00000006b9000000|100%| E|CS|TAMS 0x00000006b8800000, 0x00000006b8800000| Complete 
|1394|0x00000006b9000000, 0x00000006b9800000, 0x00000006b9800000|100%| E|CS|TAMS 0x00000006b9000000, 0x00000006b9000000| Complete 
|1395|0x00000006b9800000, 0x00000006ba000000, 0x00000006ba000000|100%| E|CS|TAMS 0x00000006b9800000, 0x00000006b9800000| Complete 
|1396|0x00000006ba000000, 0x00000006ba800000, 0x00000006ba800000|100%| E|CS|TAMS 0x00000006ba000000, 0x00000006ba000000| Complete 
|1397|0x00000006ba800000, 0x00000006bb000000, 0x00000006bb000000|100%| E|CS|TAMS 0x00000006ba800000, 0x00000006ba800000| Complete 
|1398|0x00000006bb000000, 0x00000006bb800000, 0x00000006bb800000|100%| E|CS|TAMS 0x00000006bb000000, 0x00000006bb000000| Complete 
|1399|0x00000006bb800000, 0x00000006bc000000, 0x00000006bc000000|100%| E|CS|TAMS 0x00000006bb800000, 0x00000006bb800000| Complete 
|1400|0x00000006bc000000, 0x00000006bc800000, 0x00000006bc800000|100%| E|CS|TAMS 0x00000006bc000000, 0x00000006bc000000| Complete 
|1401|0x00000006bc800000, 0x00000006bd000000, 0x00000006bd000000|100%| E|CS|TAMS 0x00000006bc800000, 0x00000006bc800000| Complete 
|1402|0x00000006bd000000, 0x00000006bd800000, 0x00000006bd800000|100%| E|CS|TAMS 0x00000006bd000000, 0x00000006bd000000| Complete 
|1403|0x00000006bd800000, 0x00000006be000000, 0x00000006be000000|100%| E|CS|TAMS 0x00000006bd800000, 0x00000006bd800000| Complete 
|1404|0x00000006be000000, 0x00000006be800000, 0x00000006be800000|100%| E|CS|TAMS 0x00000006be000000, 0x00000006be000000| Complete 
|1405|0x00000006be800000, 0x00000006bf000000, 0x00000006bf000000|100%| E|CS|TAMS 0x00000006be800000, 0x00000006be800000| Complete 
|1406|0x00000006bf000000, 0x00000006bf800000, 0x00000006bf800000|100%| E|CS|TAMS 0x00000006bf000000, 0x00000006bf000000| Complete 
|1407|0x00000006bf800000, 0x00000006c0000000, 0x00000006c0000000|100%| E|CS|TAMS 0x00000006bf800000, 0x00000006bf800000| Complete 
|1408|0x00000006c0000000, 0x00000006c0800000, 0x00000006c0800000|100%| E|CS|TAMS 0x00000006c0000000, 0x00000006c0000000| Complete 
|1409|0x00000006c0800000, 0x00000006c1000000, 0x00000006c1000000|100%| E|CS|TAMS 0x00000006c0800000, 0x00000006c0800000| Complete 
|1410|0x00000006c1000000, 0x00000006c1800000, 0x00000006c1800000|100%| E|CS|TAMS 0x00000006c1000000, 0x00000006c1000000| Complete 
|1411|0x00000006c1800000, 0x00000006c2000000, 0x00000006c2000000|100%| E|CS|TAMS 0x00000006c1800000, 0x00000006c1800000| Complete 
|1412|0x00000006c2000000, 0x00000006c2800000, 0x00000006c2800000|100%| E|CS|TAMS 0x00000006c2000000, 0x00000006c2000000| Complete 
|1413|0x00000006c2800000, 0x00000006c3000000, 0x00000006c3000000|100%| E|CS|TAMS 0x00000006c2800000, 0x00000006c2800000| Complete 
|1414|0x00000006c3000000, 0x00000006c3800000, 0x00000006c3800000|100%| E|CS|TAMS 0x00000006c3000000, 0x00000006c3000000| Complete 
|1415|0x00000006c3800000, 0x00000006c4000000, 0x00000006c4000000|100%| E|CS|TAMS 0x00000006c3800000, 0x00000006c3800000| Complete 
|1416|0x00000006c4000000, 0x00000006c4800000, 0x00000006c4800000|100%| E|CS|TAMS 0x00000006c4000000, 0x00000006c4000000| Complete 
|1417|0x00000006c4800000, 0x00000006c5000000, 0x00000006c5000000|100%| E|CS|TAMS 0x00000006c4800000, 0x00000006c4800000| Complete 
|1418|0x00000006c5000000, 0x00000006c5800000, 0x00000006c5800000|100%| E|CS|TAMS 0x00000006c5000000, 0x00000006c5000000| Complete 
|1419|0x00000006c5800000, 0x00000006c6000000, 0x00000006c6000000|100%| E|CS|TAMS 0x00000006c5800000, 0x00000006c5800000| Complete 
|1420|0x00000006c6000000, 0x00000006c6800000, 0x00000006c6800000|100%| E|CS|TAMS 0x00000006c6000000, 0x00000006c6000000| Complete 
|1421|0x00000006c6800000, 0x00000006c7000000, 0x00000006c7000000|100%| E|CS|TAMS 0x00000006c6800000, 0x00000006c6800000| Complete 
|1422|0x00000006c7000000, 0x00000006c7800000, 0x00000006c7800000|100%| E|CS|TAMS 0x00000006c7000000, 0x00000006c7000000| Complete 
|1423|0x00000006c7800000, 0x00000006c8000000, 0x00000006c8000000|100%| E|CS|TAMS 0x00000006c7800000, 0x00000006c7800000| Complete 
|1424|0x00000006c8000000, 0x00000006c8800000, 0x00000006c8800000|100%| E|CS|TAMS 0x00000006c8000000, 0x00000006c8000000| Complete 
|1425|0x00000006c8800000, 0x00000006c9000000, 0x00000006c9000000|100%| E|CS|TAMS 0x00000006c8800000, 0x00000006c8800000| Complete 
|1426|0x00000006c9000000, 0x00000006c9800000, 0x00000006c9800000|100%| E|CS|TAMS 0x00000006c9000000, 0x00000006c9000000| Complete 
|1427|0x00000006c9800000, 0x00000006ca000000, 0x00000006ca000000|100%| E|CS|TAMS 0x00000006c9800000, 0x00000006c9800000| Complete 
|1428|0x00000006ca000000, 0x00000006ca800000, 0x00000006ca800000|100%| E|CS|TAMS 0x00000006ca000000, 0x00000006ca000000| Complete 
|1429|0x00000006ca800000, 0x00000006cb000000, 0x00000006cb000000|100%| E|CS|TAMS 0x00000006ca800000, 0x00000006ca800000| Complete 
|1430|0x00000006cb000000, 0x00000006cb800000, 0x00000006cb800000|100%| E|CS|TAMS 0x00000006cb000000, 0x00000006cb000000| Complete 
|1431|0x00000006cb800000, 0x00000006cc000000, 0x00000006cc000000|100%| E|CS|TAMS 0x00000006cb800000, 0x00000006cb800000| Complete 
|1432|0x00000006cc000000, 0x00000006cc800000, 0x00000006cc800000|100%| E|CS|TAMS 0x00000006cc000000, 0x00000006cc000000| Complete 
|1433|0x00000006cc800000, 0x00000006cd000000, 0x00000006cd000000|100%| E|CS|TAMS 0x00000006cc800000, 0x00000006cc800000| Complete 
|1434|0x00000006cd000000, 0x00000006cd800000, 0x00000006cd800000|100%| E|CS|TAMS 0x00000006cd000000, 0x00000006cd000000| Complete 
|1435|0x00000006cd800000, 0x00000006ce000000, 0x00000006ce000000|100%| E|CS|TAMS 0x00000006cd800000, 0x00000006cd800000| Complete 
|1436|0x00000006ce000000, 0x00000006ce800000, 0x00000006ce800000|100%| E|CS|TAMS 0x00000006ce000000, 0x00000006ce000000| Complete 
|1437|0x00000006ce800000, 0x00000006cf000000, 0x00000006cf000000|100%| E|CS|TAMS 0x00000006ce800000, 0x00000006ce800000| Complete 
|1438|0x00000006cf000000, 0x00000006cf800000, 0x00000006cf800000|100%| E|CS|TAMS 0x00000006cf000000, 0x00000006cf000000| Complete 
|1439|0x00000006cf800000, 0x00000006d0000000, 0x00000006d0000000|100%| E|CS|TAMS 0x00000006cf800000, 0x00000006cf800000| Complete 
|1440|0x00000006d0000000, 0x00000006d0800000, 0x00000006d0800000|100%| E|CS|TAMS 0x00000006d0000000, 0x00000006d0000000| Complete 
|1441|0x00000006d0800000, 0x00000006d1000000, 0x00000006d1000000|100%| E|CS|TAMS 0x00000006d0800000, 0x00000006d0800000| Complete 
|1442|0x00000006d1000000, 0x00000006d1800000, 0x00000006d1800000|100%| E|CS|TAMS 0x00000006d1000000, 0x00000006d1000000| Complete 
|1443|0x00000006d1800000, 0x00000006d2000000, 0x00000006d2000000|100%| E|CS|TAMS 0x00000006d1800000, 0x00000006d1800000| Complete 
|1444|0x00000006d2000000, 0x00000006d2800000, 0x00000006d2800000|100%| E|CS|TAMS 0x00000006d2000000, 0x00000006d2000000| Complete 
|1445|0x00000006d2800000, 0x00000006d3000000, 0x00000006d3000000|100%| E|CS|TAMS 0x00000006d2800000, 0x00000006d2800000| Complete 
|1446|0x00000006d3000000, 0x00000006d3800000, 0x00000006d3800000|100%| E|CS|TAMS 0x00000006d3000000, 0x00000006d3000000| Complete 
|1447|0x00000006d3800000, 0x00000006d4000000, 0x00000006d4000000|100%| E|CS|TAMS 0x00000006d3800000, 0x00000006d3800000| Complete 
|1448|0x00000006d4000000, 0x00000006d4800000, 0x00000006d4800000|100%| E|CS|TAMS 0x00000006d4000000, 0x00000006d4000000| Complete 
|1449|0x00000006d4800000, 0x00000006d5000000, 0x00000006d5000000|100%| E|CS|TAMS 0x00000006d4800000, 0x00000006d4800000| Complete 
|1450|0x00000006d5000000, 0x00000006d5800000, 0x00000006d5800000|100%| E|CS|TAMS 0x00000006d5000000, 0x00000006d5000000| Complete 
|1451|0x00000006d5800000, 0x00000006d6000000, 0x00000006d6000000|100%| E|CS|TAMS 0x00000006d5800000, 0x00000006d5800000| Complete 
|1452|0x00000006d6000000, 0x00000006d6800000, 0x00000006d6800000|100%| E|CS|TAMS 0x00000006d6000000, 0x00000006d6000000| Complete 
|1453|0x00000006d6800000, 0x00000006d7000000, 0x00000006d7000000|100%| E|CS|TAMS 0x00000006d6800000, 0x00000006d6800000| Complete 
|1454|0x00000006d7000000, 0x00000006d7800000, 0x00000006d7800000|100%| E|CS|TAMS 0x00000006d7000000, 0x00000006d7000000| Complete 
|1455|0x00000006d7800000, 0x00000006d8000000, 0x00000006d8000000|100%| E|CS|TAMS 0x00000006d7800000, 0x00000006d7800000| Complete 
|1456|0x00000006d8000000, 0x00000006d8800000, 0x00000006d8800000|100%| E|CS|TAMS 0x00000006d8000000, 0x00000006d8000000| Complete 
|1457|0x00000006d8800000, 0x00000006d9000000, 0x00000006d9000000|100%| E|CS|TAMS 0x00000006d8800000, 0x00000006d8800000| Complete 
|1458|0x00000006d9000000, 0x00000006d9800000, 0x00000006d9800000|100%| E|CS|TAMS 0x00000006d9000000, 0x00000006d9000000| Complete 
|1459|0x00000006d9800000, 0x00000006da000000, 0x00000006da000000|100%| E|CS|TAMS 0x00000006d9800000, 0x00000006d9800000| Complete 
|1460|0x00000006da000000, 0x00000006da800000, 0x00000006da800000|100%| E|CS|TAMS 0x00000006da000000, 0x00000006da000000| Complete 
|1461|0x00000006da800000, 0x00000006db000000, 0x00000006db000000|100%| E|CS|TAMS 0x00000006da800000, 0x00000006da800000| Complete 
|1462|0x00000006db000000, 0x00000006db800000, 0x00000006db800000|100%| E|CS|TAMS 0x00000006db000000, 0x00000006db000000| Complete 
|1463|0x00000006db800000, 0x00000006dc000000, 0x00000006dc000000|100%| E|CS|TAMS 0x00000006db800000, 0x00000006db800000| Complete 
|1464|0x00000006dc000000, 0x00000006dc800000, 0x00000006dc800000|100%| E|CS|TAMS 0x00000006dc000000, 0x00000006dc000000| Complete 
|1465|0x00000006dc800000, 0x00000006dd000000, 0x00000006dd000000|100%| E|CS|TAMS 0x00000006dc800000, 0x00000006dc800000| Complete 
|1466|0x00000006dd000000, 0x00000006dd800000, 0x00000006dd800000|100%| E|CS|TAMS 0x00000006dd000000, 0x00000006dd000000| Complete 
|1467|0x00000006dd800000, 0x00000006de000000, 0x00000006de000000|100%| E|CS|TAMS 0x00000006dd800000, 0x00000006dd800000| Complete 
|1468|0x00000006de000000, 0x00000006de800000, 0x00000006de800000|100%| E|CS|TAMS 0x00000006de000000, 0x00000006de000000| Complete 
|1469|0x00000006de800000, 0x00000006df000000, 0x00000006df000000|100%| E|CS|TAMS 0x00000006de800000, 0x00000006de800000| Complete 
|1470|0x00000006df000000, 0x00000006df800000, 0x00000006df800000|100%| E|CS|TAMS 0x00000006df000000, 0x00000006df000000| Complete 
|1471|0x00000006df800000, 0x00000006e0000000, 0x00000006e0000000|100%| E|CS|TAMS 0x00000006df800000, 0x00000006df800000| Complete 
|1472|0x00000006e0000000, 0x00000006e0800000, 0x00000006e0800000|100%| E|CS|TAMS 0x00000006e0000000, 0x00000006e0000000| Complete 
|1473|0x00000006e0800000, 0x00000006e1000000, 0x00000006e1000000|100%| E|CS|TAMS 0x00000006e0800000, 0x00000006e0800000| Complete 
|1474|0x00000006e1000000, 0x00000006e1800000, 0x00000006e1800000|100%| E|CS|TAMS 0x00000006e1000000, 0x00000006e1000000| Complete 
|1475|0x00000006e1800000, 0x00000006e2000000, 0x00000006e2000000|100%| E|CS|TAMS 0x00000006e1800000, 0x00000006e1800000| Complete 
|1476|0x00000006e2000000, 0x00000006e2800000, 0x00000006e2800000|100%| E|CS|TAMS 0x00000006e2000000, 0x00000006e2000000| Complete 
|1477|0x00000006e2800000, 0x00000006e3000000, 0x00000006e3000000|100%| E|CS|TAMS 0x00000006e2800000, 0x00000006e2800000| Complete 
|1478|0x00000006e3000000, 0x00000006e3800000, 0x00000006e3800000|100%| E|CS|TAMS 0x00000006e3000000, 0x00000006e3000000| Complete 
|1479|0x00000006e3800000, 0x00000006e4000000, 0x00000006e4000000|100%| E|CS|TAMS 0x00000006e3800000, 0x00000006e3800000| Complete 
|1480|0x00000006e4000000, 0x00000006e4800000, 0x00000006e4800000|100%| E|CS|TAMS 0x00000006e4000000, 0x00000006e4000000| Complete 
|1481|0x00000006e4800000, 0x00000006e5000000, 0x00000006e5000000|100%| E|CS|TAMS 0x00000006e4800000, 0x00000006e4800000| Complete 
|1482|0x00000006e5000000, 0x00000006e5800000, 0x00000006e5800000|100%| E|CS|TAMS 0x00000006e5000000, 0x00000006e5000000| Complete 
|1483|0x00000006e5800000, 0x00000006e6000000, 0x00000006e6000000|100%| E|CS|TAMS 0x00000006e5800000, 0x00000006e5800000| Complete 
|1484|0x00000006e6000000, 0x00000006e6800000, 0x00000006e6800000|100%| E|CS|TAMS 0x00000006e6000000, 0x00000006e6000000| Complete 
|1485|0x00000006e6800000, 0x00000006e7000000, 0x00000006e7000000|100%| E|CS|TAMS 0x00000006e6800000, 0x00000006e6800000| Complete 
|1486|0x00000006e7000000, 0x00000006e7800000, 0x00000006e7800000|100%| E|CS|TAMS 0x00000006e7000000, 0x00000006e7000000| Complete 
|1487|0x00000006e7800000, 0x00000006e8000000, 0x00000006e8000000|100%| E|CS|TAMS 0x00000006e7800000, 0x00000006e7800000| Complete 
|1488|0x00000006e8000000, 0x00000006e8800000, 0x00000006e8800000|100%| E|CS|TAMS 0x00000006e8000000, 0x00000006e8000000| Complete 
|1489|0x00000006e8800000, 0x00000006e9000000, 0x00000006e9000000|100%| E|CS|TAMS 0x00000006e8800000, 0x00000006e8800000| Complete 
|1490|0x00000006e9000000, 0x00000006e9800000, 0x00000006e9800000|100%| E|CS|TAMS 0x00000006e9000000, 0x00000006e9000000| Complete 
|1491|0x00000006e9800000, 0x00000006ea000000, 0x00000006ea000000|100%| E|CS|TAMS 0x00000006e9800000, 0x00000006e9800000| Complete 
|1492|0x00000006ea000000, 0x00000006ea800000, 0x00000006ea800000|100%| E|CS|TAMS 0x00000006ea000000, 0x00000006ea000000| Complete 
|1493|0x00000006ea800000, 0x00000006eb000000, 0x00000006eb000000|100%| E|CS|TAMS 0x00000006ea800000, 0x00000006ea800000| Complete 
|1494|0x00000006eb000000, 0x00000006eb800000, 0x00000006eb800000|100%| E|CS|TAMS 0x00000006eb000000, 0x00000006eb000000| Complete 
|1495|0x00000006eb800000, 0x00000006ec000000, 0x00000006ec000000|100%| E|CS|TAMS 0x00000006eb800000, 0x00000006eb800000| Complete 
|1496|0x00000006ec000000, 0x00000006ec800000, 0x00000006ec800000|100%| E|CS|TAMS 0x00000006ec000000, 0x00000006ec000000| Complete 
|1497|0x00000006ec800000, 0x00000006ed000000, 0x00000006ed000000|100%| E|CS|TAMS 0x00000006ec800000, 0x00000006ec800000| Complete 
|1498|0x00000006ed000000, 0x00000006ed800000, 0x00000006ed800000|100%| E|CS|TAMS 0x00000006ed000000, 0x00000006ed000000| Complete 
|1499|0x00000006ed800000, 0x00000006ee000000, 0x00000006ee000000|100%| E|CS|TAMS 0x00000006ed800000, 0x00000006ed800000| Complete 
|1500|0x00000006ee000000, 0x00000006ee800000, 0x00000006ee800000|100%| E|CS|TAMS 0x00000006ee000000, 0x00000006ee000000| Complete 
|1501|0x00000006ee800000, 0x00000006ef000000, 0x00000006ef000000|100%| E|CS|TAMS 0x00000006ee800000, 0x00000006ee800000| Complete 
|1502|0x00000006ef000000, 0x00000006ef800000, 0x00000006ef800000|100%| E|CS|TAMS 0x00000006ef000000, 0x00000006ef000000| Complete 
|1503|0x00000006ef800000, 0x00000006f0000000, 0x00000006f0000000|100%| E|CS|TAMS 0x00000006ef800000, 0x00000006ef800000| Complete 
|1504|0x00000006f0000000, 0x00000006f0800000, 0x00000006f0800000|100%| E|CS|TAMS 0x00000006f0000000, 0x00000006f0000000| Complete 
|1505|0x00000006f0800000, 0x00000006f1000000, 0x00000006f1000000|100%| E|CS|TAMS 0x00000006f0800000, 0x00000006f0800000| Complete 
|1506|0x00000006f1000000, 0x00000006f1800000, 0x00000006f1800000|100%| E|CS|TAMS 0x00000006f1000000, 0x00000006f1000000| Complete 
|1507|0x00000006f1800000, 0x00000006f2000000, 0x00000006f2000000|100%| E|CS|TAMS 0x00000006f1800000, 0x00000006f1800000| Complete 
|1508|0x00000006f2000000, 0x00000006f2800000, 0x00000006f2800000|100%| E|CS|TAMS 0x00000006f2000000, 0x00000006f2000000| Complete 
|1509|0x00000006f2800000, 0x00000006f3000000, 0x00000006f3000000|100%| E|CS|TAMS 0x00000006f2800000, 0x00000006f2800000| Complete 
|1510|0x00000006f3000000, 0x00000006f3800000, 0x00000006f3800000|100%| E|CS|TAMS 0x00000006f3000000, 0x00000006f3000000| Complete 
|1511|0x00000006f3800000, 0x00000006f4000000, 0x00000006f4000000|100%| E|CS|TAMS 0x00000006f3800000, 0x00000006f3800000| Complete 
|1512|0x00000006f4000000, 0x00000006f4800000, 0x00000006f4800000|100%| E|CS|TAMS 0x00000006f4000000, 0x00000006f4000000| Complete 
|1513|0x00000006f4800000, 0x00000006f5000000, 0x00000006f5000000|100%| E|CS|TAMS 0x00000006f4800000, 0x00000006f4800000| Complete 
|1514|0x00000006f5000000, 0x00000006f5800000, 0x00000006f5800000|100%| E|CS|TAMS 0x00000006f5000000, 0x00000006f5000000| Complete 
|1515|0x00000006f5800000, 0x00000006f6000000, 0x00000006f6000000|100%| E|CS|TAMS 0x00000006f5800000, 0x00000006f5800000| Complete 
|1516|0x00000006f6000000, 0x00000006f6800000, 0x00000006f6800000|100%| E|CS|TAMS 0x00000006f6000000, 0x00000006f6000000| Complete 
|1517|0x00000006f6800000, 0x00000006f7000000, 0x00000006f7000000|100%| E|CS|TAMS 0x00000006f6800000, 0x00000006f6800000| Complete 
|1518|0x00000006f7000000, 0x00000006f7800000, 0x00000006f7800000|100%| E|CS|TAMS 0x00000006f7000000, 0x00000006f7000000| Complete 
|1519|0x00000006f7800000, 0x00000006f8000000, 0x00000006f8000000|100%| E|CS|TAMS 0x00000006f7800000, 0x00000006f7800000| Complete 
|1520|0x00000006f8000000, 0x00000006f8800000, 0x00000006f8800000|100%| E|CS|TAMS 0x00000006f8000000, 0x00000006f8000000| Complete 
|1521|0x00000006f8800000, 0x00000006f9000000, 0x00000006f9000000|100%| E|CS|TAMS 0x00000006f8800000, 0x00000006f8800000| Complete 
|1522|0x00000006f9000000, 0x00000006f9800000, 0x00000006f9800000|100%| E|CS|TAMS 0x00000006f9000000, 0x00000006f9000000| Complete 
|1523|0x00000006f9800000, 0x00000006fa000000, 0x00000006fa000000|100%| E|CS|TAMS 0x00000006f9800000, 0x00000006f9800000| Complete 
|1524|0x00000006fa000000, 0x00000006fa800000, 0x00000006fa800000|100%| E|CS|TAMS 0x00000006fa000000, 0x00000006fa000000| Complete 
|1525|0x00000006fa800000, 0x00000006fb000000, 0x00000006fb000000|100%| E|CS|TAMS 0x00000006fa800000, 0x00000006fa800000| Complete 
|1526|0x00000006fb000000, 0x00000006fb800000, 0x00000006fb800000|100%| E|CS|TAMS 0x00000006fb000000, 0x00000006fb000000| Complete 
|1527|0x00000006fb800000, 0x00000006fc000000, 0x00000006fc000000|100%| E|CS|TAMS 0x00000006fb800000, 0x00000006fb800000| Complete 
|1528|0x00000006fc000000, 0x00000006fc800000, 0x00000006fc800000|100%| E|CS|TAMS 0x00000006fc000000, 0x00000006fc000000| Complete 
|1529|0x00000006fc800000, 0x00000006fd000000, 0x00000006fd000000|100%| E|CS|TAMS 0x00000006fc800000, 0x00000006fc800000| Complete 
|1530|0x00000006fd000000, 0x00000006fd800000, 0x00000006fd800000|100%| E|CS|TAMS 0x00000006fd000000, 0x00000006fd000000| Complete 
|1531|0x00000006fd800000, 0x00000006fe000000, 0x00000006fe000000|100%| E|CS|TAMS 0x00000006fd800000, 0x00000006fd800000| Complete 
|1532|0x00000006fe000000, 0x00000006fe800000, 0x00000006fe800000|100%| E|CS|TAMS 0x00000006fe000000, 0x00000006fe000000| Complete 
|1533|0x00000006fe800000, 0x00000006ff000000, 0x00000006ff000000|100%| E|CS|TAMS 0x00000006fe800000, 0x00000006fe800000| Complete 
|1534|0x00000006ff000000, 0x00000006ff800000, 0x00000006ff800000|100%| E|CS|TAMS 0x00000006ff000000, 0x00000006ff000000| Complete 
|1535|0x00000006ff800000, 0x0000000700000000, 0x0000000700000000|100%| E|CS|TAMS 0x00000006ff800000, 0x00000006ff800000| Complete 
|1536|0x0000000700000000, 0x0000000700800000, 0x0000000700800000|100%| E|CS|TAMS 0x0000000700000000, 0x0000000700000000| Complete 
|1537|0x0000000700800000, 0x0000000701000000, 0x0000000701000000|100%| E|CS|TAMS 0x0000000700800000, 0x0000000700800000| Complete 
|1538|0x0000000701000000, 0x0000000701800000, 0x0000000701800000|100%| E|CS|TAMS 0x0000000701000000, 0x0000000701000000| Complete 
|1539|0x0000000701800000, 0x0000000702000000, 0x0000000702000000|100%| E|CS|TAMS 0x0000000701800000, 0x0000000701800000| Complete 
|1540|0x0000000702000000, 0x0000000702800000, 0x0000000702800000|100%| E|CS|TAMS 0x0000000702000000, 0x0000000702000000| Complete 
|1541|0x0000000702800000, 0x0000000703000000, 0x0000000703000000|100%| E|CS|TAMS 0x0000000702800000, 0x0000000702800000| Complete 
|1542|0x0000000703000000, 0x0000000703800000, 0x0000000703800000|100%| E|CS|TAMS 0x0000000703000000, 0x0000000703000000| Complete 
|1543|0x0000000703800000, 0x0000000704000000, 0x0000000704000000|100%| E|CS|TAMS 0x0000000703800000, 0x0000000703800000| Complete 
|1544|0x0000000704000000, 0x0000000704800000, 0x0000000704800000|100%| E|CS|TAMS 0x0000000704000000, 0x0000000704000000| Complete 
|1545|0x0000000704800000, 0x0000000705000000, 0x0000000705000000|100%| E|CS|TAMS 0x0000000704800000, 0x0000000704800000| Complete 
|1546|0x0000000705000000, 0x0000000705800000, 0x0000000705800000|100%| E|CS|TAMS 0x0000000705000000, 0x0000000705000000| Complete 
|1547|0x0000000705800000, 0x0000000706000000, 0x0000000706000000|100%| E|CS|TAMS 0x0000000705800000, 0x0000000705800000| Complete 
|1548|0x0000000706000000, 0x0000000706800000, 0x0000000706800000|100%| E|CS|TAMS 0x0000000706000000, 0x0000000706000000| Complete 
|1549|0x0000000706800000, 0x0000000707000000, 0x0000000707000000|100%| E|CS|TAMS 0x0000000706800000, 0x0000000706800000| Complete 
|1550|0x0000000707000000, 0x0000000707800000, 0x0000000707800000|100%| E|CS|TAMS 0x0000000707000000, 0x0000000707000000| Complete 
|1551|0x0000000707800000, 0x0000000708000000, 0x0000000708000000|100%| E|CS|TAMS 0x0000000707800000, 0x0000000707800000| Complete 
|1552|0x0000000708000000, 0x0000000708800000, 0x0000000708800000|100%| E|CS|TAMS 0x0000000708000000, 0x0000000708000000| Complete 
|1553|0x0000000708800000, 0x0000000709000000, 0x0000000709000000|100%| E|CS|TAMS 0x0000000708800000, 0x0000000708800000| Complete 
|1554|0x0000000709000000, 0x0000000709800000, 0x0000000709800000|100%| E|CS|TAMS 0x0000000709000000, 0x0000000709000000| Complete 
|1555|0x0000000709800000, 0x000000070a000000, 0x000000070a000000|100%| E|CS|TAMS 0x0000000709800000, 0x0000000709800000| Complete 
|1556|0x000000070a000000, 0x000000070a800000, 0x000000070a800000|100%| E|CS|TAMS 0x000000070a000000, 0x000000070a000000| Complete 
|1557|0x000000070a800000, 0x000000070b000000, 0x000000070b000000|100%| E|CS|TAMS 0x000000070a800000, 0x000000070a800000| Complete 
|1558|0x000000070b000000, 0x000000070b800000, 0x000000070b800000|100%| E|CS|TAMS 0x000000070b000000, 0x000000070b000000| Complete 
|1559|0x000000070b800000, 0x000000070c000000, 0x000000070c000000|100%| E|CS|TAMS 0x000000070b800000, 0x000000070b800000| Complete 
|1560|0x000000070c000000, 0x000000070c800000, 0x000000070c800000|100%| E|CS|TAMS 0x000000070c000000, 0x000000070c000000| Complete 
|2046|0x00000007ff000000, 0x00000007ff775000, 0x00000007ff800000| 93%|OA|  |TAMS 0x00000007ff000000, 0x00000007ff000000| Untracked 
|2047|0x00000007ff800000, 0x00000007ff878000, 0x0000000800000000|  5%|CA|  |TAMS 0x00000007ff800000, 0x00000007ff800000| Untracked 

Card table byte_map: [0x00007f4b17200000,0x00007f4b19200000] _byte_map_base: 0x00007f4b15200000

Marking Bits (Prev, Next): (CMBitMap*) 0x00007f4b3004abf0, (CMBitMap*) 0x00007f4b3004ac30
 Prev Bits: [0x00007f4b05200000, 0x00007f4b15200000)
 Next Bits: [0x00007f4af5200000, 0x00007f4b05200000)

Polling page: 0x00007f4b39887000

Metaspace:

Usage:
  Non-class:      7,20 MB used.
      Class:    889,30 KB used.
       Both:      8,07 MB used.

Virtual space:
  Non-class space:       64,00 MB reserved,       7,31 MB ( 11%) committed,  1 nodes.
      Class space:        1,00 GB reserved,     960,00 KB ( <1%) committed,  1 nodes.
             Both:        1,06 GB reserved,       8,25 MB ( <1%) committed. 

Chunk freelists:
   Non-Class:  8,47 MB
       Class:  15,00 MB
        Both:  23,47 MB

MaxMetaspaceSize: unlimited
CompressedClassSpaceSize: 1,00 GB
Initial GC threshold: 21,00 MB
Current GC threshold: 21,00 MB
CDS: on
MetaspaceReclaimPolicy: balanced
 - commit_granule_bytes: 65536.
 - commit_granule_words: 8192.
 - virtual_space_node_default_size: 8388608.
 - enlarge_chunks_in_place: 1.
 - new_chunks_are_fully_committed: 0.
 - uncommit_free_chunks: 1.
 - use_allocation_guard: 0.
 - handle_deallocations: 1.


Internal statistics:

num_allocs_failed_limit: 0.
num_arena_births: 84.
num_arena_deaths: 0.
num_vsnodes_births: 2.
num_vsnodes_deaths: 0.
num_space_committed: 132.
num_space_uncommitted: 0.
num_chunks_returned_to_freelist: 0.
num_chunks_taken_from_freelist: 226.
num_chunk_merges: 0.
num_chunk_splits: 140.
num_chunks_enlarged: 101.
num_inconsistent_stats: 0.

CodeHeap 'non-profiled nmethods': size=119168Kb used=6235Kb max_used=7127Kb free=112932Kb
 bounds [0x00007f4b20da0000, 0x00007f4b214a0000, 0x00007f4b28200000]
CodeHeap 'profiled nmethods': size=119164Kb used=3204Kb max_used=7248Kb free=115959Kb
 bounds [0x00007f4b19200000, 0x00007f4b19920000, 0x00007f4b2065f000]
CodeHeap 'non-nmethods': size=7428Kb used=1162Kb max_used=3001Kb free=6265Kb
 bounds [0x00007f4b2065f000, 0x00007f4b2095f000, 0x00007f4b20da0000]
 total_blobs=2732 nmethods=2282 adapters=363
 compilation: enabled
              stopped_count=0, restarted_count=0
 full_count=0

Compilation events (20 events):
Event: 13,352 Thread 0x00007f4b30160a30 3314   !   4       com.android.tools.smali.smali.smaliTreeWalker::packed_switch_elements (156 bytes)
Event: 13,393 Thread 0x00007f4b30160a30 nmethod 3314 0x00007f4b21485090 code [0x00007f4b214853e0, 0x00007f4b21487998]
Event: 13,399 Thread 0x00007f4b30160a30 3315   !   4       com.android.tools.smali.smali.smaliTreeWalker::literal (1119 bytes)
Event: 13,452 Thread 0x00007f4b30169f60 3316       3       com.android.tools.smali.dexlib2.builder.instruction.BuilderInstruction32x::getFormat (4 bytes)
Event: 13,453 Thread 0x00007f4b30169f60 nmethod 3316 0x00007f4b1970d010 code [0x00007f4b1970d1a0, 0x00007f4b1970d2b0]
Event: 13,473 Thread 0x00007f4b30160a30 nmethod 3315 0x00007f4b21489110 code [0x00007f4b21489720, 0x00007f4b2148cf98]
Event: 13,473 Thread 0x00007f4b30160a30 3318       4       com.android.tools.smali.dexlib2.writer.builder.DexBuilder::internEncodedValue (519 bytes)
Event: 13,526 Thread 0x00007f4b30160a30 nmethod 3318 0x00007f4b2148f210 code [0x00007f4b2148f5e0, 0x00007f4b21492150]
Event: 13,526 Thread 0x00007f4b30160a30 3317       4       com.android.tools.smali.util.ArraySortedSet::comparator (4 bytes)
Event: 13,527 Thread 0x00007f4b30160a30 nmethod 3317 0x00007f4b21493790 code [0x00007f4b21493920, 0x00007f4b21493998]
Event: 13,594 Thread 0x00007f4b30160a30 3319       4       com.android.tools.smali.util.ArraySortedSet::size (6 bytes)
Event: 13,594 Thread 0x00007f4b30160a30 nmethod 3319 0x00007f4b21493a90 code [0x00007f4b21493c20, 0x00007f4b21493cb8]
Event: 13,929 Thread 0x00007f4b30160a30 3320   !   4       java.util.concurrent.ConcurrentHashMap$TreeBin::putTreeVal (371 bytes)
Event: 13,947 Thread 0x00007f4b30160a30 nmethod 3320 0x00007f4b21493d90 code [0x00007f4b21493fc0, 0x00007f4b21495360]
Event: 14,068 Thread 0x00007f4b30160a30 3321       4       com.android.tools.smali.dexlib2.builder.instruction.BuilderInstruction31c::<init> (19 bytes)
Event: 14,070 Thread 0x00007f4b30160a30 nmethod 3321 0x00007f4b20fbae10 code [0x00007f4b20fbafa0, 0x00007f4b20fbb258]
Event: 14,070 Thread 0x00007f4b30160a30 3322   !   4       com.android.tools.smali.smali.smaliTreeWalker::insn_format31c (212 bytes)
Event: 14,199 Thread 0x00007f4b30160a30 nmethod 3322 0x00007f4b2130ea10 code [0x00007f4b2130eec0, 0x00007f4b21313b40]
Event: 14,328 Thread 0x00007f4b30169f60 3323       3       com.google.common.collect.ImmutableSet$RegularSetBuilderImpl::add (66 bytes)
Event: 14,329 Thread 0x00007f4b30169f60 nmethod 3323 0x00007f4b193eb590 code [0x00007f4b193eb7a0, 0x00007f4b193ebba0]

GC Heap History (20 events):
Event: 6,507 GC heap after
{Heap after GC invocations=23 (full 0):
 garbage-first heap   total 10559488K, used 1580772K [0x0000000400000000, 0x0000000800000000)
  region size 8192K, 50 young (409600K), 50 survivors (409600K)
 Metaspace       used 8203K, committed 8320K, reserved 1114112K
  class space    used 884K, committed 960K, reserved 1048576K
}
Event: 7,047 GC heap before
{Heap before GC invocations=23 (full 0):
 garbage-first heap   total 10559488K, used 7503588K [0x0000000400000000, 0x0000000800000000)
  region size 8192K, 773 young (6332416K), 50 survivors (409600K)
 Metaspace       used 8203K, committed 8320K, reserved 1114112K
  class space    used 884K, committed 960K, reserved 1048576K
}
Event: 7,149 GC heap after
{Heap after GC invocations=24 (full 0):
 garbage-first heap   total 10559488K, used 1732324K [0x0000000400000000, 0x0000000800000000)
  region size 8192K, 68 young (557056K), 68 survivors (557056K)
 Metaspace       used 8203K, committed 8320K, reserved 1114112K
  class space    used 884K, committed 960K, reserved 1048576K
}
Event: 7,696 GC heap before
{Heap before GC invocations=24 (full 0):
 garbage-first heap   total 10559488K, used 7507684K [0x0000000400000000, 0x0000000800000000)
  region size 8192K, 773 young (6332416K), 68 survivors (557056K)
 Metaspace       used 8223K, committed 8384K, reserved 1114112K
  class space    used 884K, committed 960K, reserved 1048576K
}
Event: 7,823 GC heap after
{Heap after GC invocations=25 (full 0):
 garbage-first heap   total 11804672K, used 1896372K [0x0000000400000000, 0x0000000800000000)
  region size 8192K, 63 young (516096K), 63 survivors (516096K)
 Metaspace       used 8223K, committed 8384K, reserved 1114112K
  class space    used 884K, committed 960K, reserved 1048576K
}
Event: 8,509 GC heap before
{Heap before GC invocations=25 (full 0):
 garbage-first heap   total 11804672K, used 8458164K [0x0000000400000000, 0x0000000800000000)
  region size 8192K, 864 young (7077888K), 63 survivors (516096K)
 Metaspace       used 8231K, committed 8448K, reserved 1114112K
  class space    used 887K, committed 960K, reserved 1048576K
}
Event: 8,634 GC heap after
{Heap after GC invocations=26 (full 0):
 garbage-first heap   total 11804672K, used 2071674K [0x0000000400000000, 0x0000000800000000)
  region size 8192K, 63 young (516096K), 63 survivors (516096K)
 Metaspace       used 8231K, committed 8448K, reserved 1114112K
  class space    used 887K, committed 960K, reserved 1048576K
}
Event: 9,308 GC heap before
{Heap before GC invocations=26 (full 0):
 garbage-first heap   total 11804672K, used 8633466K [0x0000000400000000, 0x0000000800000000)
  region size 8192K, 864 young (7077888K), 63 survivors (516096K)
 Metaspace       used 8232K, committed 8448K, reserved 1114112K
  class space    used 887K, committed 960K, reserved 1048576K
}
Event: 9,444 GC heap after
{Heap after GC invocations=27 (full 0):
 garbage-first heap   total 11804672K, used 2300907K [0x0000000400000000, 0x0000000800000000)
  region size 8192K, 70 young (573440K), 70 survivors (573440K)
 Metaspace       used 8232K, committed 8448K, reserved 1114112K
  class space    used 887K, committed 960K, reserved 1048576K
}
Event: 10,178 GC heap before
{Heap before GC invocations=27 (full 0):
 garbage-first heap   total 11804672K, used 8805355K [0x0000000400000000, 0x0000000800000000)
  region size 8192K, 864 young (7077888K), 70 survivors (573440K)
 Metaspace       used 8242K, committed 8448K, reserved 1114112K
  class space    used 887K, committed 960K, reserved 1048576K
}
Event: 10,317 GC heap after
{Heap after GC invocations=28 (full 0):
 garbage-first heap   total 11804672K, used 2486196K [0x0000000400000000, 0x0000000800000000)
  region size 8192K, 73 young (598016K), 73 survivors (598016K)
 Metaspace       used 8242K, committed 8448K, reserved 1114112K
  class space    used 887K, committed 960K, reserved 1048576K
}
Event: 10,965 GC heap before
{Heap before GC invocations=28 (full 0):
 garbage-first heap   total 11804672K, used 8966068K [0x0000000400000000, 0x0000000800000000)
  region size 8192K, 864 young (7077888K), 73 survivors (598016K)
 Metaspace       used 8249K, committed 8448K, reserved 1114112K
  class space    used 887K, committed 960K, reserved 1048576K
}
Event: 11,118 GC heap after
{Heap after GC invocations=29 (full 0):
 garbage-first heap   total 12804096K, used 2715572K [0x0000000400000000, 0x0000000800000000)
  region size 8192K, 78 young (638976K), 78 survivors (638976K)
 Metaspace       used 8249K, committed 8448K, reserved 1114112K
  class space    used 887K, committed 960K, reserved 1048576K
}
Event: 11,955 GC heap before
{Heap before GC invocations=29 (full 0):
 garbage-first heap   total 12804096K, used 9752500K [0x0000000400000000, 0x0000000800000000)
  region size 8192K, 937 young (7675904K), 78 survivors (638976K)
 Metaspace       used 8250K, committed 8448K, reserved 1114112K
  class space    used 887K, committed 960K, reserved 1048576K
}
Event: 12,103 GC heap after
{Heap after GC invocations=30 (full 0):
 garbage-first heap   total 12804096K, used 2881983K [0x0000000400000000, 0x0000000800000000)
  region size 8192K, 76 young (622592K), 76 survivors (622592K)
 Metaspace       used 8250K, committed 8448K, reserved 1114112K
  class space    used 887K, committed 960K, reserved 1048576K
}
Event: 12,834 GC heap before
{Heap before GC invocations=30 (full 0):
 garbage-first heap   total 12804096K, used 9935295K [0x0000000400000000, 0x0000000800000000)
  region size 8192K, 937 young (7675904K), 76 survivors (622592K)
 Metaspace       used 8251K, committed 8448K, reserved 1114112K
  class space    used 887K, committed 960K, reserved 1048576K
}
Event: 12,991 GC heap after
{Heap after GC invocations=31 (full 0):
 garbage-first heap   total 12804096K, used 3097555K [0x0000000400000000, 0x0000000800000000)
  region size 8192K, 79 young (647168K), 79 survivors (647168K)
 Metaspace       used 8251K, committed 8448K, reserved 1114112K
  class space    used 887K, committed 960K, reserved 1048576K
}
Event: 13,687 GC heap before
{Heap before GC invocations=31 (full 0):
 garbage-first heap   total 12804096K, used 10126291K [0x0000000400000000, 0x0000000800000000)
  region size 8192K, 937 young (7675904K), 79 survivors (647168K)
 Metaspace       used 8260K, committed 8448K, reserved 1114112K
  class space    used 889K, committed 960K, reserved 1048576K
}
Event: 13,891 GC heap after
{Heap after GC invocations=32 (full 0):
 garbage-first heap   total 12804096K, used 3381778K [0x0000000400000000, 0x0000000800000000)
  region size 8192K, 90 young (737280K), 90 survivors (737280K)
 Metaspace       used 8260K, committed 8448K, reserved 1114112K
  class space    used 889K, committed 960K, reserved 1048576K
}
Event: 14,437 GC heap before
{Heap before GC invocations=32 (full 0):
 garbage-first heap   total 12804096K, used 8935954K [0x0000000400000000, 0x0000000800000000)
  region size 8192K, 768 young (6291456K), 90 survivors (737280K)
 Metaspace       used 8260K, committed 8448K, reserved 1114112K
  class space    used 889K, committed 960K, reserved 1048576K
}

Dll operation events (7 events):
Event: 0,001 Loaded shared library /usr/lib/jvm/java-17-openjdk/lib/libjava.so
Event: 0,022 Loaded shared library /usr/lib/jvm/java-17-openjdk/lib/libjsvml.so
Event: 0,028 Loaded shared library /usr/lib/jvm/java-17-openjdk/lib/libnio.so
Event: 0,033 Loaded shared library /usr/lib/jvm/java-17-openjdk/lib/libzip.so
Event: 0,057 Loaded shared library /usr/lib/jvm/java-17-openjdk/lib/libjimage.so
Event: 0,081 Loaded shared library /usr/lib/jvm/java-17-openjdk/lib/libnet.so
Event: 0,314 Loaded shared library /usr/lib/jvm/java-17-openjdk/lib/libverify.so

Deoptimization events (20 events):
Event: 12,608 Thread 0x00007f4b30229ae0 DEOPT PACKING pc=0x00007f4b195e9d4f sp=0x00007f4ae53f2560
Event: 12,608 Thread 0x00007f4b30229ae0 DEOPT UNPACKING pc=0x00007f4b206b5e2f sp=0x00007f4ae53f1b58 mode 0
Event: 12,640 Thread 0x00007f4b3022ab80 Uncommon trap: trap_request=0xffffff45 fr.pc=0x00007f4b20dbba7c relative=0x000000000000005c
Event: 12,640 Thread 0x00007f4b3022ab80 Uncommon trap: reason=unstable_if action=reinterpret pc=0x00007f4b20dbba7c method=java.util.regex.Pattern.lambda$Single$7(II)Z @ 2 c2
Event: 12,640 Thread 0x00007f4b3022ab80 DEOPT PACKING pc=0x00007f4b20dbba7c sp=0x00007f4ae52f0f60
Event: 12,640 Thread 0x00007f4b3022ab80 DEOPT UNPACKING pc=0x00007f4b206b5699 sp=0x00007f4ae52f0ea0 mode 2
Event: 13,326 Thread 0x00007f4b302348a0 Uncommon trap: trap_request=0x000003d3 fr.pc=0x00007f4b213c4fb0 relative=0x0000000000002170
Event: 13,326 Thread 0x00007f4b302348a0 Uncommon trap: reason=unloaded action=reinterpret pc=0x00007f4b213c4fb0 method=com.android.tools.smali.smali.smaliTreeWalker.literal()Lcom/android/tools/smali/dexlib2/immutable/value/ImmutableEncodedValue; @ 856 c2
Event: 13,327 Thread 0x00007f4b302348a0 DEOPT PACKING pc=0x00007f4b213c4fb0 sp=0x00007f4ae49e8420
Event: 13,327 Thread 0x00007f4b302348a0 DEOPT UNPACKING pc=0x00007f4b206b5699 sp=0x00007f4ae49e8400 mode 2
Event: 13,327 Thread 0x00007f4b302348a0 Uncommon trap: trap_request=0xffffff45 fr.pc=0x00007f4b21448df8 relative=0x0000000000001938
Event: 13,327 Thread 0x00007f4b302348a0 Uncommon trap: reason=unstable_if action=reinterpret pc=0x00007f4b21448df8 method=com.android.tools.smali.dexlib2.writer.builder.DexBuilder.internEncodedValue(Lcom/android/tools/smali/dexlib2/iface/value/EncodedValue;)Lcom/android/tools/smali/dexlib2/writ
Event: 13,327 Thread 0x00007f4b302348a0 DEOPT PACKING pc=0x00007f4b21448df8 sp=0x00007f4ae49e8430
Event: 13,327 Thread 0x00007f4b302348a0 DEOPT UNPACKING pc=0x00007f4b206b5699 sp=0x00007f4ae49e8400 mode 2
Event: 14,044 Thread 0x00007f4b30230f00 DEOPT PACKING pc=0x00007f4b195e9d4f sp=0x00007f4ae4ceb560
Event: 14,044 Thread 0x00007f4b30230f00 DEOPT UNPACKING pc=0x00007f4b206b5e2f sp=0x00007f4ae4ceab58 mode 0
Event: 14,314 Thread 0x00007f4b3022ccd0 Uncommon trap: trap_request=0xffffff45 fr.pc=0x00007f4b213448dc relative=0x000000000000349c
Event: 14,314 Thread 0x00007f4b3022ccd0 Uncommon trap: reason=unstable_if action=reinterpret pc=0x00007f4b213448dc method=com.google.common.collect.ImmutableSet$SetBuilderImpl.addDedupedElement(Ljava/lang/Object;)V @ 18 c2
Event: 14,314 Thread 0x00007f4b3022ccd0 DEOPT PACKING pc=0x00007f4b213448dc sp=0x00007f4ae50ef130
Event: 14,314 Thread 0x00007f4b3022ccd0 DEOPT UNPACKING pc=0x00007f4b206b5699 sp=0x00007f4ae50eeff0 mode 2

Classes loaded (20 events):
Event: 0,899 Loading class sun/reflect/generics/tree/FieldTypeSignature done
Event: 0,899 Loading class sun/reflect/generics/tree/SimpleClassTypeSignature done
Event: 0,899 Loading class sun/reflect/generics/tree/ClassTypeSignature
Event: 0,899 Loading class sun/reflect/generics/tree/ClassTypeSignature done
Event: 0,899 Loading class sun/reflect/generics/tree/ClassSignature
Event: 0,899 Loading class sun/reflect/generics/tree/Signature
Event: 0,899 Loading class sun/reflect/generics/tree/Signature done
Event: 0,899 Loading class sun/reflect/generics/tree/ClassSignature done
Event: 0,899 Loading class java/lang/reflect/ParameterizedType
Event: 0,899 Loading class java/lang/reflect/ParameterizedType done
Event: 1,445 Loading class jdk/internal/access/foreign/MemorySegmentProxy
Event: 1,445 Loading class jdk/internal/access/foreign/MemorySegmentProxy done
Event: 1,805 Loading class java/util/Collections$UnmodifiableList$1
Event: 1,805 Loading class java/util/Collections$UnmodifiableList$1 done
Event: 1,805 Loading class java/util/ArrayList$ListItr
Event: 1,805 Loading class java/util/ArrayList$ListItr done
Event: 1,822 Loading class jdk/internal/misc/ScopedMemoryAccess$Scope$Handle
Event: 1,822 Loading class jdk/internal/misc/ScopedMemoryAccess$Scope$Handle done
Event: 2,262 Loading class jdk/internal/misc/ScopedMemoryAccess$Scope
Event: 2,262 Loading class jdk/internal/misc/ScopedMemoryAccess$Scope done

Classes unloaded (0 events):
No events

Classes redefined (0 events):
No events

Internal exceptions (16 events):
Event: 0,045 Thread 0x00007f4b300185d0 Exception <a 'java/lang/NoSuchMethodError'{0x000000041f13a058}: 'void java.lang.invoke.DirectMethodHandle$Holder.invokeStatic(java.lang.Object, java.lang.Object)'> (0x000000041f13a058) 
thrown [/usr/src/debug/java17-openjdk/jdk17u-jdk-17.0.16-8/src/hotspot/share/interpreter/linkResolver.cpp, line 758]
Event: 0,045 Thread 0x00007f4b300185d0 Exception <a 'java/lang/NoSuchMethodError'{0x000000041f13dfb8}: 'void java.lang.invoke.DirectMethodHandle$Holder.invokeStaticInit(java.lang.Object, java.lang.Object)'> (0x000000041f13dfb8) 
thrown [/usr/src/debug/java17-openjdk/jdk17u-jdk-17.0.16-8/src/hotspot/share/interpreter/linkResolver.cpp, line 758]
Event: 0,076 Thread 0x00007f4b300185d0 Exception <a 'java/lang/NoSuchMethodError'{0x000000041f27c4a8}: 'java.lang.Object java.lang.invoke.Invokers$Holder.invokeExact_MT(java.lang.Object, java.lang.Object, java.lang.Object, java.lang.Object, java.lang.Object, java.lang.Object)'> (0x000000041f27c4a8) 
thrown [/usr/src/debug/java17-openjdk/jdk17u-jdk-17.0.16-8/src/hotspot/share/interpreter/linkResolver.cpp, line 758]
Event: 0,108 Thread 0x00007f4b300185d0 Exception <a 'java/lang/NoSuchMethodError'{0x000000041f344bb8}: 'java.lang.Object java.lang.invoke.DirectMethodHandle$Holder.invokeStaticInit(java.lang.Object)'> (0x000000041f344bb8) 
thrown [/usr/src/debug/java17-openjdk/jdk17u-jdk-17.0.16-8/src/hotspot/share/interpreter/linkResolver.cpp, line 758]
Event: 0,112 Thread 0x00007f4b300185d0 Exception <a 'java/lang/NoSuchMethodError'{0x000000041f3ecf78}: 'java.lang.Object java.lang.invoke.DirectMethodHandle$Holder.invokeInterface(java.lang.Object, java.lang.Object)'> (0x000000041f3ecf78) 
thrown [/usr/src/debug/java17-openjdk/jdk17u-jdk-17.0.16-8/src/hotspot/share/interpreter/linkResolver.cpp, line 758]
Event: 0,114 Thread 0x00007f4b300185d0 Exception <a 'java/lang/NoSuchMethodError'{0x000000041f3ff5d0}: 'void java.lang.invoke.DirectMethodHandle$Holder.invokeStatic(java.lang.Object, java.lang.Object, java.lang.Object)'> (0x000000041f3ff5d0) 
thrown [/usr/src/debug/java17-openjdk/jdk17u-jdk-17.0.16-8/src/hotspot/share/interpreter/linkResolver.cpp, line 758]
Event: 0,119 Thread 0x00007f4b300185d0 Exception <a 'java/lang/NoSuchMethodError'{0x000000041f444a88}: 'void java.lang.invoke.DirectMethodHandle$Holder.invokeInterface(java.lang.Object, java.lang.Object, java.lang.Object)'> (0x000000041f444a88) 
thrown [/usr/src/debug/java17-openjdk/jdk17u-jdk-17.0.16-8/src/hotspot/share/interpreter/linkResolver.cpp, line 758]
Event: 0,127 Thread 0x00007f4b300185d0 Exception <a 'java/lang/NoSuchMethodError'{0x000000041f52e698}: 'void java.lang.invoke.DirectMethodHandle$Holder.invokeSpecial(java.lang.Object, java.lang.Object, java.lang.Object, java.lang.Object, java.lang.Object)'> (0x000000041f52e698) 
thrown [/usr/src/debug/java17-openjdk/jdk17u-jdk-17.0.16-8/src/hotspot/share/interpreter/linkResolver.cpp, line 758]
Event: 0,127 Thread 0x00007f4b300185d0 Exception <a 'java/lang/NoSuchMethodError'{0x000000041f535670}: 'java.lang.Object java.lang.invoke.DirectMethodHandle$Holder.newInvokeSpecial(java.lang.Object, java.lang.Object, java.lang.Object, java.lang.Object, java.lang.Object)'> (0x000000041f535670) 
thrown [/usr/src/debug/java17-openjdk/jdk17u-jdk-17.0.16-8/src/hotspot/share/interpreter/linkResolver.cpp, line 758]
Event: 0,131 Thread 0x00007f4b300185d0 Exception <a 'sun/nio/fs/UnixException'{0x000000041f5488c8}> (0x000000041f5488c8) 
thrown [/usr/src/debug/java17-openjdk/jdk17u-jdk-17.0.16-8/src/hotspot/share/prims/jni.cpp, line 516]
Event: 0,528 Thread 0x00007f4b300185d0 Exception <a 'java/lang/NoSuchMethodError'{0x0000000415644e68}: 'java.lang.Object java.lang.invoke.DirectMethodHandle$Holder.invokeStaticInit(java.lang.Object, java.lang.Object, long, java.lang.Object)'> (0x0000000415644e68) 
thrown [/usr/src/debug/java17-openjdk/jdk17u-jdk-17.0.16-8/src/hotspot/share/interpreter/linkResolver.cpp, line 758]
Event: 0,529 Thread 0x00007f4b300185d0 Exception <a 'java/lang/NoSuchMethodError'{0x000000041564b2f0}: 'java.lang.Object java.lang.invoke.DirectMethodHandle$Holder.newInvokeSpecial(java.lang.Object, java.lang.Object, long)'> (0x000000041564b2f0) 
thrown [/usr/src/debug/java17-openjdk/jdk17u-jdk-17.0.16-8/src/hotspot/share/interpreter/linkResolver.cpp, line 758]
Event: 0,529 Thread 0x00007f4b300185d0 Exception <a 'java/lang/NoSuchMethodError'{0x000000041564ee60}: 'java.lang.Object java.lang.invoke.Invokers$Holder.linkToTargetMethod(java.lang.Object, long, java.lang.Object)'> (0x000000041564ee60) 
thrown [/usr/src/debug/java17-openjdk/jdk17u-jdk-17.0.16-8/src/hotspot/share/interpreter/linkResolver.cpp, line 758]
Event: 0,533 Thread 0x00007f4b300185d0 Exception <a 'java/lang/NoSuchMethodError'{0x0000000415656400}: 'java.lang.Object java.lang.invoke.DirectMethodHandle$Holder.newInvokeSpecial(java.lang.Object, java.lang.Object, java.lang.Object, int)'> (0x0000000415656400) 
thrown [/usr/src/debug/java17-openjdk/jdk17u-jdk-17.0.16-8/src/hotspot/share/interpreter/linkResolver.cpp, line 758]
Event: 0,533 Thread 0x00007f4b300185d0 Exception <a 'java/lang/NoSuchMethodError'{0x000000041565a538}: 'java.lang.Object java.lang.invoke.DirectMethodHandle$Holder.invokeSpecial(java.lang.Object, java.lang.Object, java.lang.Object, java.lang.Object, int)'> (0x000000041565a538) 
thrown [/usr/src/debug/java17-openjdk/jdk17u-jdk-17.0.16-8/src/hotspot/share/interpreter/linkResolver.cpp, line 758]
Event: 0,533 Thread 0x00007f4b300185d0 Exception <a 'java/lang/NoSuchMethodError'{0x000000041565de58}: 'java.lang.Object java.lang.invoke.Invokers$Holder.linkToTargetMethod(java.lang.Object, java.lang.Object, int, java.lang.Object)'> (0x000000041565de58) 
thrown [/usr/src/debug/java17-openjdk/jdk17u-jdk-17.0.16-8/src/hotspot/share/interpreter/linkResolver.cpp, line 758]

VM Operations (20 events):
Event: 8,634 Executing VM operation: G1CollectForAllocation done
Event: 9,308 Executing VM operation: G1CollectForAllocation
Event: 9,444 Executing VM operation: G1CollectForAllocation done
Event: 10,178 Executing VM operation: G1CollectForAllocation
Event: 10,317 Executing VM operation: G1CollectForAllocation done
Event: 10,965 Executing VM operation: G1CollectForAllocation
Event: 11,118 Executing VM operation: G1CollectForAllocation done
Event: 11,955 Executing VM operation: G1CollectForAllocation
Event: 12,103 Executing VM operation: G1CollectForAllocation done
Event: 12,834 Executing VM operation: G1CollectForAllocation
Event: 12,991 Executing VM operation: G1CollectForAllocation done
Event: 13,527 Executing VM operation: HandshakeAllThreads
Event: 13,527 Executing VM operation: HandshakeAllThreads done
Event: 13,687 Executing VM operation: G1CollectForAllocation
Event: 13,891 Executing VM operation: G1CollectForAllocation done
Event: 13,947 Executing VM operation: HandshakeAllThreads
Event: 13,947 Executing VM operation: HandshakeAllThreads done
Event: 14,314 Executing VM operation: HandshakeAllThreads
Event: 14,314 Executing VM operation: HandshakeAllThreads done
Event: 14,437 Executing VM operation: G1CollectForAllocation

Memory protections (20 events):
Event: 0,129 Protecting memory [0x00007f4ae4ef0000,0x00007f4ae4ef4000] with protection modes 0
Event: 0,129 Protecting memory [0x00007f4ae4def000,0x00007f4ae4df3000] with protection modes 0
Event: 0,129 Protecting memory [0x00007f4ae4cee000,0x00007f4ae4cf2000] with protection modes 0
Event: 0,129 Protecting memory [0x00007f4ae4bed000,0x00007f4ae4bf1000] with protection modes 0
Event: 0,130 Protecting memory [0x00007f4ae4aec000,0x00007f4ae4af0000] with protection modes 0
Event: 0,130 Protecting memory [0x00007f4ae49eb000,0x00007f4ae49ef000] with protection modes 0
Event: 0,130 Protecting memory [0x00007f4ae48ea000,0x00007f4ae48ee000] with protection modes 0
Event: 0,142 Protecting memory [0x00007f4ae47e9000,0x00007f4ae47ed000] with protection modes 0
Event: 0,225 Protecting memory [0x00007f4a927f9000,0x00007f4a927fd000] with protection modes 0
Event: 0,226 Protecting memory [0x00007f4a926f8000,0x00007f4a926fc000] with protection modes 0
Event: 0,228 Protecting memory [0x00007f4a925f7000,0x00007f4a925fb000] with protection modes 0
Event: 0,231 Protecting memory [0x00007f4a924f6000,0x00007f4a924fa000] with protection modes 0
Event: 0,237 Protecting memory [0x00007f4a923f5000,0x00007f4a923f9000] with protection modes 0
Event: 0,256 Protecting memory [0x00007f4a922f4000,0x00007f4a922f8000] with protection modes 0
Event: 0,540 Protecting memory [0x00007f4b36e0d000,0x00007f4b36e11000] with protection modes 0
Event: 0,544 Protecting memory [0x00007f4a920f2000,0x00007f4a920f6000] with protection modes 0
Event: 0,544 Protecting memory [0x00007f4a921f3000,0x00007f4a921f7000] with protection modes 0
Event: 5,194 Protecting memory [0x00007f4ae56f8000,0x00007f4ae56fc000] with protection modes 0
Event: 5,196 Protecting memory [0x00007f4ae55f7000,0x00007f4ae55fb000] with protection modes 0
Event: 9,594 Protecting memory [0x00007f4ae57f9000,0x00007f4ae57fd000] with protection modes 0

Nmethod flushes (20 events):
Event: 14,318 Thread 0x00007f4b3016b3e0 flushing  nmethod 0x00007f4b196e3c10
Event: 14,318 Thread 0x00007f4b3016b3e0 flushing  nmethod 0x00007f4b1970d390
Event: 14,318 Thread 0x00007f4b3016b3e0 flushing  nmethod 0x00007f4b1974da90
Event: 14,318 Thread 0x00007f4b3016b3e0 flushing  nmethod 0x00007f4b1975bd10
Event: 14,318 Thread 0x00007f4b3016b3e0 flushing  nmethod 0x00007f4b19771890
Event: 14,318 Thread 0x00007f4b3016b3e0 flushing  nmethod 0x00007f4b1977bd10
Event: 14,318 Thread 0x00007f4b3016b3e0 flushing  nmethod 0x00007f4b19794090
Event: 14,318 Thread 0x00007f4b3016b3e0 flushing  nmethod 0x00007f4b1983d090
Event: 14,318 Thread 0x00007f4b3016b3e0 flushing  nmethod 0x00007f4b19859810
Event: 14,318 Thread 0x00007f4b3016b3e0 flushing  nmethod 0x00007f4b1989fc90
Event: 14,318 Thread 0x00007f4b3016b3e0 flushing osr nmethod 0x00007f4b198b8e90
Event: 14,318 Thread 0x00007f4b3016b3e0 flushing  nmethod 0x00007f4b198c8890
Event: 14,318 Thread 0x00007f4b3016b3e0 flushing  nmethod 0x00007f4b198dce10
Event: 14,318 Thread 0x00007f4b3016b3e0 flushing  nmethod 0x00007f4b198dd210
Event: 14,318 Thread 0x00007f4b3016b3e0 flushing  nmethod 0x00007f4b198e0110
Event: 14,318 Thread 0x00007f4b3016b3e0 flushing  nmethod 0x00007f4b1990a090
Event: 14,318 Thread 0x00007f4b3016b3e0 flushing  nmethod 0x00007f4b1990a510
Event: 14,318 Thread 0x00007f4b3016b3e0 flushing  nmethod 0x00007f4b1990ce90
Event: 14,318 Thread 0x00007f4b3016b3e0 flushing  nmethod 0x00007f4b1990f690
Event: 14,318 Thread 0x00007f4b3016b3e0 flushing  nmethod 0x00007f4b19913010

Events (20 events):
Event: 0,256 Thread 0x00007f4a780b6e30 Thread added: 0x00007f4a1c132350
Event: 0,540 Thread 0x00007f4b300185d0 Thread added: 0x00007f4b3036aa80
Event: 0,542 Thread 0x00007f4b300185d0 Thread added: 0x00007f4b3036c020
Event: 0,542 Thread 0x00007f4b300185d0 Thread added: 0x00007f4b3036d180
Event: 3,973 Thread 0x00007f4a1c132350 Thread exited: 0x00007f4a1c132350
Event: 4,114 Thread 0x00007f4a1c130280 Thread exited: 0x00007f4a1c130280
Event: 4,114 Thread 0x00007f4a7816f490 Thread exited: 0x00007f4a7816f490
Event: 4,129 Thread 0x00007f4a7816e380 Thread exited: 0x00007f4a7816e380
Event: 4,131 Thread 0x00007f4a78134f60 Thread exited: 0x00007f4a78134f60
Event: 4,285 Thread 0x00007f4a78170590 Thread exited: 0x00007f4a78170590
Event: 4,344 Thread 0x00007f4a7410aa80 Thread exited: 0x00007f4a7410aa80
Event: 5,076 Thread 0x00007f4a5c05e460 Thread exited: 0x00007f4a5c05e460
Event: 5,194 Thread 0x00007f4a7406ddb0 Thread added: 0x00007f4a5c2b6340
Event: 5,194 Thread 0x00007f4a7406ddb0 Thread added: 0x00007f4a5c28a6e0
Event: 5,685 Thread 0x00007f4a5c28a6e0 Thread exited: 0x00007f4a5c28a6e0
Event: 6,066 Thread 0x00007f4a5c2b6340 Thread exited: 0x00007f4a5c2b6340
Event: 6,828 Thread 0x00007f4a780b6e30 Thread exited: 0x00007f4a780b6e30
Event: 9,001 Thread 0x00007f4a7406ddb0 Thread exited: 0x00007f4a7406ddb0
Event: 9,594 Thread 0x00007f4b30169f60 Thread added: 0x00007f4a781704e0
Event: 10,575 Thread 0x00007f4a781704e0 Thread exited: 0x00007f4a781704e0


Dynamic libraries:
400000000-70c800000 rw-p 00000000 00:00 0 
70c800000-7ff000000 ---p 00000000 00:00 0 
7ff000000-7ff700000 rw-p 00000000 00:00 0 
7ff700000-7ff775000 rw-p 00c77000 00:1c 1062238                          /usr/lib/jvm/java-17-openjdk/lib/server/classes.jsa
7ff775000-7ff800000 rw-p 00000000 00:00 0 
7ff800000-7ff878000 rw-p 00bff000 00:1c 1062238                          /usr/lib/jvm/java-17-openjdk/lib/server/classes.jsa
7ff878000-800000000 rw-p 00000000 00:00 0 
560315856000-560315857000 r--p 00000000 00:1c 1061913                    /usr/lib/jvm/java-17-openjdk/bin/java
560315857000-560315858000 r-xp 00001000 00:1c 1061913                    /usr/lib/jvm/java-17-openjdk/bin/java
560315858000-560315859000 r--p 00002000 00:1c 1061913                    /usr/lib/jvm/java-17-openjdk/bin/java
560315859000-56031585a000 r--p 00002000 00:1c 1061913                    /usr/lib/jvm/java-17-openjdk/bin/java
56031585a000-56031585b000 rw-p 00003000 00:1c 1061913                    /usr/lib/jvm/java-17-openjdk/bin/java
560324cf4000-560324d3c000 rw-p 00000000 00:00 0                          [heap]
7f49b4000000-7f49b4021000 rw-p 00000000 00:00 0 
7f49b4021000-7f49b8000000 ---p 00000000 00:00 0 
7f49b8000000-7f49b8021000 rw-p 00000000 00:00 0 
7f49b8021000-7f49bc000000 ---p 00000000 00:00 0 
7f49bc000000-7f49bc025000 rw-p 00000000 00:00 0 
7f49bc025000-7f49c0000000 ---p 00000000 00:00 0 
7f49c0000000-7f49c0021000 rw-p 00000000 00:00 0 
7f49c0021000-7f49c4000000 ---p 00000000 00:00 0 
7f49c4000000-7f49c4021000 rw-p 00000000 00:00 0 
7f49c4021000-7f49c8000000 ---p 00000000 00:00 0 
7f49c8000000-7f49c8021000 rw-p 00000000 00:00 0 
7f49c8021000-7f49cc000000 ---p 00000000 00:00 0 
7f49cc000000-7f49cd0fe000 rw-p 00000000 00:00 0 
7f49cd0fe000-7f49d0000000 ---p 00000000 00:00 0 
7f49d0000000-7f49d0021000 rw-p 00000000 00:00 0 
7f49d0021000-7f49d4000000 ---p 00000000 00:00 0 
7f49d4000000-7f49d42b4000 rw-p 00000000 00:00 0 
7f49d42b4000-7f49d8000000 ---p 00000000 00:00 0 
7f49d8000000-7f49d9487000 rw-p 00000000 00:00 0 
7f49d9487000-7f49dc000000 ---p 00000000 00:00 0 
7f49dc000000-7f49dd45a000 rw-p 00000000 00:00 0 
7f49dd45a000-7f49e0000000 ---p 00000000 00:00 0 
7f49e0000000-7f49e192a000 rw-p 00000000 00:00 0 
7f49e192a000-7f49e4000000 ---p 00000000 00:00 0 
7f49e4000000-7f49e4031000 rw-p 00000000 00:00 0 
7f49e4031000-7f49e8000000 ---p 00000000 00:00 0 
7f49e8000000-7f49e9031000 rw-p 00000000 00:00 0 
7f49e9031000-7f49ec000000 ---p 00000000 00:00 0 
7f49ec000000-7f49ec021000 rw-p 00000000 00:00 0 
7f49ec021000-7f49f0000000 ---p 00000000 00:00 0 
7f49f0000000-7f49f002c000 rw-p 00000000 00:00 0 
7f49f002c000-7f49f4000000 ---p 00000000 00:00 0 
7f49f4000000-7f49f4021000 rw-p 00000000 00:00 0 
7f49f4021000-7f49f8000000 ---p 00000000 00:00 0 
7f49f8000000-7f49f8021000 rw-p 00000000 00:00 0 
7f49f8021000-7f49fc000000 ---p 00000000 00:00 0 
7f49fc000000-7f49fc021000 rw-p 00000000 00:00 0 
7f49fc021000-7f4a00000000 ---p 00000000 00:00 0 
7f4a00000000-7f4a00023000 rw-p 00000000 00:00 0 
7f4a00023000-7f4a04000000 ---p 00000000 00:00 0 
7f4a04000000-7f4a0402b000 rw-p 00000000 00:00 0 
7f4a0402b000-7f4a08000000 ---p 00000000 00:00 0 
7f4a08000000-7f4a08025000 rw-p 00000000 00:00 0 
7f4a08025000-7f4a0c000000 ---p 00000000 00:00 0 
7f4a0c000000-7f4a0c021000 rw-p 00000000 00:00 0 
7f4a0c021000-7f4a10000000 ---p 00000000 00:00 0 
7f4a10000000-7f4a10021000 rw-p 00000000 00:00 0 
7f4a10021000-7f4a14000000 ---p 00000000 00:00 0 
7f4a14000000-7f4a14021000 rw-p 00000000 00:00 0 
7f4a14021000-7f4a18000000 ---p 00000000 00:00 0 
7f4a18000000-7f4a18021000 rw-p 00000000 00:00 0 
7f4a18021000-7f4a1c000000 ---p 00000000 00:00 0 
7f4a1c000000-7f4a1c401000 rw-p 00000000 00:00 0 
7f4a1c401000-7f4a20000000 ---p 00000000 00:00 0 
7f4a20000000-7f4a20021000 rw-p 00000000 00:00 0 
7f4a20021000-7f4a24000000 ---p 00000000 00:00 0 
7f4a24000000-7f4a2402d000 rw-p 00000000 00:00 0 
7f4a2402d000-7f4a28000000 ---p 00000000 00:00 0 
7f4a28000000-7f4a28021000 rw-p 00000000 00:00 0 
7f4a28021000-7f4a2c000000 ---p 00000000 00:00 0 
7f4a2c000000-7f4a2c021000 rw-p 00000000 00:00 0 
7f4a2c021000-7f4a30000000 ---p 00000000 00:00 0 
7f4a30000000-7f4a3006b000 rw-p 00000000 00:00 0 
7f4a3006b000-7f4a34000000 ---p 00000000 00:00 0 
7f4a34000000-7f4a34021000 rw-p 00000000 00:00 0 
7f4a34021000-7f4a38000000 ---p 00000000 00:00 0 
7f4a38000000-7f4a38057000 rw-p 00000000 00:00 0 
7f4a38057000-7f4a3c000000 ---p 00000000 00:00 0 
7f4a3c000000-7f4a3c021000 rw-p 00000000 00:00 0 
7f4a3c021000-7f4a40000000 ---p 00000000 00:00 0 
7f4a40000000-7f4a40056000 rw-p 00000000 00:00 0 
7f4a40056000-7f4a44000000 ---p 00000000 00:00 0 
7f4a44000000-7f4a44026000 rw-p 00000000 00:00 0 
7f4a44026000-7f4a48000000 ---p 00000000 00:00 0 
7f4a48000000-7f4a48021000 rw-p 00000000 00:00 0 
7f4a48021000-7f4a4c000000 ---p 00000000 00:00 0 
7f4a4c000000-7f4a4c021000 rw-p 00000000 00:00 0 
7f4a4c021000-7f4a50000000 ---p 00000000 00:00 0 
7f4a50000000-7f4a50024000 rw-p 00000000 00:00 0 
7f4a50024000-7f4a54000000 ---p 00000000 00:00 0 
7f4a54000000-7f4a5552f000 rw-p 00000000 00:00 0 
7f4a5552f000-7f4a58000000 ---p 00000000 00:00 0 
7f4a58000000-7f4a58030000 rw-p 00000000 00:00 0 
7f4a58030000-7f4a5c000000 ---p 00000000 00:00 0 
7f4a5c000000-7f4a5c4f7000 rw-p 00000000 00:00 0 
7f4a5c4f7000-7f4a60000000 ---p 00000000 00:00 0 
7f4a60000000-7f4a61afd000 rw-p 00000000 00:00 0 
7f4a61afd000-7f4a64000000 ---p 00000000 00:00 0 
7f4a64000000-7f4a64021000 rw-p 00000000 00:00 0 
7f4a64021000-7f4a68000000 ---p 00000000 00:00 0 
7f4a68000000-7f4a68021000 rw-p 00000000 00:00 0 
7f4a68021000-7f4a6c000000 ---p 00000000 00:00 0 
7f4a6c000000-7f4a6c021000 rw-p 00000000 00:00 0 
7f4a6c021000-7f4a70000000 ---p 00000000 00:00 0 
7f4a70000000-7f4a70021000 rw-p 00000000 00:00 0 
7f4a70021000-7f4a74000000 ---p 00000000 00:00 0 
7f4a74000000-7f4a75f1b000 rw-p 00000000 00:00 0 
7f4a75f1b000-7f4a78000000 ---p 00000000 00:00 0 
7f4a78000000-7f4a78480000 rw-p 00000000 00:00 0 
7f4a78480000-7f4a7c000000 ---p 00000000 00:00 0 
7f4a7c000000-7f4a7c021000 rw-p 00000000 00:00 0 
7f4a7c021000-7f4a80000000 ---p 00000000 00:00 0 
7f4a80000000-7f4a80021000 rw-p 00000000 00:00 0 
7f4a80021000-7f4a84000000 ---p 00000000 00:00 0 
7f4a84000000-7f4a84021000 rw-p 00000000 00:00 0 
7f4a84021000-7f4a88000000 ---p 00000000 00:00 0 
7f4a88000000-7f4a88021000 rw-p 00000000 00:00 0 
7f4a88021000-7f4a8c000000 ---p 00000000 00:00 0 
7f4a8c000000-7f4a8c021000 rw-p 00000000 00:00 0 
7f4a8c021000-7f4a90000000 ---p 00000000 00:00 0 
7f4a91be9000-7f4a91eec000 rw-p 00000000 00:00 0 
7f4a91ff0000-7f4a920f2000 rw-p 00000000 00:00 0 
7f4a920f2000-7f4a920f6000 ---p 00000000 00:00 0 
7f4a920f6000-7f4a921f3000 rw-p 00000000 00:00 0 
7f4a921f3000-7f4a921f7000 ---p 00000000 00:00 0 
7f4a921f7000-7f4a922f4000 rw-p 00000000 00:00 0 
7f4a922f4000-7f4a922f8000 ---p 00000000 00:00 0 
7f4a922f8000-7f4a923f5000 rw-p 00000000 00:00 0 
7f4a923f5000-7f4a923f9000 ---p 00000000 00:00 0 
7f4a923f9000-7f4a924f6000 rw-p 00000000 00:00 0 
7f4a924f6000-7f4a924fa000 ---p 00000000 00:00 0 
7f4a924fa000-7f4a925f7000 rw-p 00000000 00:00 0 
7f4a925f7000-7f4a925fb000 ---p 00000000 00:00 0 
7f4a925fb000-7f4a926f8000 rw-p 00000000 00:00 0 
7f4a926f8000-7f4a926fc000 ---p 00000000 00:00 0 
7f4a926fc000-7f4a927f9000 rw-p 00000000 00:00 0 
7f4a927f9000-7f4a927fd000 ---p 00000000 00:00 0 
7f4a927fd000-7f4a93000000 rw-p 00000000 00:00 0 
7f4a93000000-7f4a93400000 rw-p 00000000 00:00 0 
7f4a93400000-7f4a93690000 rw-p 00000000 00:00 0 
7f4a93690000-7f4a93700000 ---p 00000000 00:00 0 
7f4a93700000-7f4a937c0000 rw-p 00000000 00:00 0 
7f4a937c0000-7f4a97000000 ---p 00000000 00:00 0 
7f4a97000000-7f4a97bc7000 rw-p 00001000 00:1c 1062238                    /usr/lib/jvm/java-17-openjdk/lib/server/classes.jsa
7f4a97bc7000-7f4a98000000 ---p 00000000 00:00 0 
7f4a98000000-7f4a98040000 rw-p 00000000 00:00 0 
7f4a98040000-7f4a980c0000 rw-p 00000000 00:00 0 
7f4a980c0000-7f4a980f0000 rw-p 00000000 00:00 0 
7f4a980f0000-7f4ad8000000 ---p 00000000 00:00 0 
7f4ad8000000-7f4ad8021000 rw-p 00000000 00:00 0 
7f4ad8021000-7f4adc000000 ---p 00000000 00:00 0 
7f4adc000000-7f4adcced000 rw-p 00000000 00:00 0 
7f4adcced000-7f4ae0000000 ---p 00000000 00:00 0 
7f4ae0000000-7f4ae0296000 rw-p 00000000 00:00 0 
7f4ae0296000-7f4ae4000000 ---p 00000000 00:00 0 
7f4ae40e1000-7f4ae47e9000 rw-p 00000000 00:00 0 
7f4ae47e9000-7f4ae47ed000 ---p 00000000 00:00 0 
7f4ae47ed000-7f4ae48ea000 rw-p 00000000 00:00 0 
7f4ae48ea000-7f4ae48ee000 ---p 00000000 00:00 0 
7f4ae48ee000-7f4ae49eb000 rw-p 00000000 00:00 0 
7f4ae49eb000-7f4ae49ef000 ---p 00000000 00:00 0 
7f4ae49ef000-7f4ae4aec000 rw-p 00000000 00:00 0 
7f4ae4aec000-7f4ae4af0000 ---p 00000000 00:00 0 
7f4ae4af0000-7f4ae4bed000 rw-p 00000000 00:00 0 
7f4ae4bed000-7f4ae4bf1000 ---p 00000000 00:00 0 
7f4ae4bf1000-7f4ae4cee000 rw-p 00000000 00:00 0 
7f4ae4cee000-7f4ae4cf2000 ---p 00000000 00:00 0 
7f4ae4cf2000-7f4ae4def000 rw-p 00000000 00:00 0 
7f4ae4def000-7f4ae4df3000 ---p 00000000 00:00 0 
7f4ae4df3000-7f4ae4ef0000 rw-p 00000000 00:00 0 
7f4ae4ef0000-7f4ae4ef4000 ---p 00000000 00:00 0 
7f4ae4ef4000-7f4ae4ff1000 rw-p 00000000 00:00 0 
7f4ae4ff1000-7f4ae4ff5000 ---p 00000000 00:00 0 
7f4ae4ff5000-7f4ae50f2000 rw-p 00000000 00:00 0 
7f4ae50f2000-7f4ae50f6000 ---p 00000000 00:00 0 
7f4ae50f6000-7f4ae51f3000 rw-p 00000000 00:00 0 
7f4ae51f3000-7f4ae51f7000 ---p 00000000 00:00 0 
7f4ae51f7000-7f4ae52f4000 rw-p 00000000 00:00 0 
7f4ae52f4000-7f4ae52f8000 ---p 00000000 00:00 0 
7f4ae52f8000-7f4ae53f5000 rw-p 00000000 00:00 0 
7f4ae53f5000-7f4ae53f9000 ---p 00000000 00:00 0 
7f4ae53f9000-7f4ae54f6000 rw-p 00000000 00:00 0 
7f4ae54f6000-7f4ae54fa000 ---p 00000000 00:00 0 
7f4ae54fa000-7f4ae55f7000 rw-p 00000000 00:00 0 
7f4ae55f7000-7f4ae55fb000 ---p 00000000 00:00 0 
7f4ae55fb000-7f4ae56f8000 rw-p 00000000 00:00 0 
7f4ae56f8000-7f4ae56fc000 ---p 00000000 00:00 0 
7f4ae56fc000-7f4ae57f9000 rw-p 00000000 00:00 0 
7f4ae57f9000-7f4ae57fd000 ---p 00000000 00:00 0 
7f4ae57fd000-7f4ae58fa000 rw-p 00000000 00:00 0 
7f4ae58fa000-7f4ae58fe000 ---p 00000000 00:00 0 
7f4ae58fe000-7f4ae5afc000 rw-p 00000000 00:00 0 
7f4ae5afc000-7f4ae5b00000 ---p 00000000 00:00 0 
7f4ae5b00000-7f4ae5bfd000 rw-p 00000000 00:00 0 
7f4ae5bfd000-7f4ae5c01000 ---p 00000000 00:00 0 
7f4ae5c01000-7f4ae5cfe000 rw-p 00000000 00:00 0 
7f4ae5cfe000-7f4ae5d02000 ---p 00000000 00:00 0 
7f4ae5d02000-7f4ae5dff000 rw-p 00000000 00:00 0 
7f4ae5dff000-7f4ae5e03000 ---p 00000000 00:00 0 
7f4ae5e03000-7f4ae5f00000 rw-p 00000000 00:00 0 
7f4ae5f00000-7f4ae5f04000 ---p 00000000 00:00 0 
7f4ae5f04000-7f4ae6000000 rw-p 00000000 00:00 0 
7f4ae6000000-7f4ae8021000 rw-p 00000000 00:00 0 
7f4ae8021000-7f4aec000000 ---p 00000000 00:00 0 
7f4aec000000-7f4aec021000 rw-p 00000000 00:00 0 
7f4aec021000-7f4af0000000 ---p 00000000 00:00 0 
7f4af0000000-7f4af0021000 rw-p 00000000 00:00 0 
7f4af0021000-7f4af4000000 ---p 00000000 00:00 0 
7f4af40ff000-7f4af4100000 rw-p 00000000 00:00 0 
7f4af4100000-7f4af4104000 ---p 00000000 00:00 0 
7f4af4104000-7f4af4200000 rw-p 00000000 00:00 0 
7f4af4200000-7f4af4765000 r--p 00000000 00:1c 113682                     /usr/lib/locale/locale-archive
7f4af47a5000-7f4af47a6000 rw-p 00000000 00:00 0 
7f4af47a6000-7f4af47aa000 ---p 00000000 00:00 0 
7f4af47aa000-7f4af48a7000 rw-p 00000000 00:00 0 
7f4af48a7000-7f4af48ab000 ---p 00000000 00:00 0 
7f4af48ab000-7f4af49a8000 rw-p 00000000 00:00 0 
7f4af49a8000-7f4af49ac000 ---p 00000000 00:00 0 
7f4af49ac000-7f4af4ba9000 rw-p 00000000 00:00 0 
7f4af4ba9000-7f4af4bae000 r--p 00000000 00:1c 1062213                    /usr/lib/jvm/java-17-openjdk/lib/libjsvml.so
7f4af4bae000-7f4af4bef000 r-xp 00005000 00:1c 1062213                    /usr/lib/jvm/java-17-openjdk/lib/libjsvml.so
7f4af4bef000-7f4af4c78000 r--p 00046000 00:1c 1062213                    /usr/lib/jvm/java-17-openjdk/lib/libjsvml.so
7f4af4c78000-7f4af4c79000 r--p 000ce000 00:1c 1062213                    /usr/lib/jvm/java-17-openjdk/lib/libjsvml.so
7f4af4c79000-7f4af4c7a000 rw-p 000cf000 00:1c 1062213                    /usr/lib/jvm/java-17-openjdk/lib/libjsvml.so
7f4af4c7a000-7f4af4cfb000 rw-p 00000000 00:00 0 
7f4af4cfb000-7f4af4efd000 rw-p 00000000 00:00 0 
7f4af4efd000-7f4b01520000 rw-p 00000000 00:00 0 
7f4b01520000-7f4b051c0000 ---p 00000000 00:00 0 
7f4b051c0000-7f4b11520000 rw-p 00000000 00:00 0 
7f4b11520000-7f4b151c0000 ---p 00000000 00:00 0 
7f4b151c0000-7f4b16a64000 rw-p 00000000 00:00 0 
7f4b16a64000-7f4b171f8000 ---p 00000000 00:00 0 
7f4b171f8000-7f4b18a64000 rw-p 00000000 00:00 0 
7f4b18a64000-7f4b191f8000 ---p 00000000 00:00 0 
7f4b191f8000-7f4b19200000 rw-p 00000000 00:00 0 
7f4b19200000-7f4b19920000 rwxp 00000000 00:00 0 
7f4b19920000-7f4b2065f000 ---p 00000000 00:00 0 
7f4b2065f000-7f4b2095f000 rwxp 00000000 00:00 0 
7f4b2095f000-7f4b20da0000 ---p 00000000 00:00 0 
7f4b20da0000-7f4b214a0000 rwxp 00000000 00:00 0 
7f4b214a0000-7f4b28200000 ---p 00000000 00:00 0 
7f4b28200000-7f4b2ffd5000 r--s 00000000 00:1c 1062229                    /usr/lib/jvm/java-17-openjdk/lib/modules
7f4b30000000-7f4b3037e000 rw-p 00000000 00:00 0 
7f4b3037e000-7f4b34000000 ---p 00000000 00:00 0 
7f4b34057000-7f4b34afd000 rw-p 00000000 00:00 0 
7f4b34afd000-7f4b34e00000 rw-p 00000000 00:00 0 
7f4b34e00000-7f4b36664000 rw-p 00000000 00:00 0 
7f4b36664000-7f4b36df8000 ---p 00000000 00:00 0 
7f4b36df8000-7f4b36e00000 rw-p 00000000 00:00 0 
7f4b36e0c000-7f4b36e0d000 rw-p 00000000 00:00 0 
7f4b36e0d000-7f4b36e11000 ---p 00000000 00:00 0 
7f4b36e11000-7f4b36e2f000 rw-p 00000000 00:00 0 
7f4b36e2f000-7f4b36e31000 r--p 00000000 00:1c 1062227                    /usr/lib/jvm/java-17-openjdk/lib/libverify.so
7f4b36e31000-7f4b36e38000 r-xp 00002000 00:1c 1062227                    /usr/lib/jvm/java-17-openjdk/lib/libverify.so
7f4b36e38000-7f4b36e3a000 r--p 00009000 00:1c 1062227                    /usr/lib/jvm/java-17-openjdk/lib/libverify.so
7f4b36e3a000-7f4b36e3c000 r--p 0000a000 00:1c 1062227                    /usr/lib/jvm/java-17-openjdk/lib/libverify.so
7f4b36e3c000-7f4b36e3d000 rw-p 0000c000 00:1c 1062227                    /usr/lib/jvm/java-17-openjdk/lib/libverify.so
7f4b36e3d000-7f4b36e3f000 r--p 00000000 00:1c 1062228                    /usr/lib/jvm/java-17-openjdk/lib/libzip.so
7f4b36e3f000-7f4b36e52000 r-xp 00002000 00:1c 1062228                    /usr/lib/jvm/java-17-openjdk/lib/libzip.so
7f4b36e52000-7f4b36e5a000 r--p 00015000 00:1c 1062228                    /usr/lib/jvm/java-17-openjdk/lib/libzip.so
7f4b36e5a000-7f4b36e5b000 r--p 0001c000 00:1c 1062228                    /usr/lib/jvm/java-17-openjdk/lib/libzip.so
7f4b36e5b000-7f4b36e5c000 rw-p 0001d000 00:1c 1062228                    /usr/lib/jvm/java-17-openjdk/lib/libzip.so
7f4b36e5c000-7f4b37c3c000 rw-p 00000000 00:00 0 
7f4b37c3c000-7f4b37d17000 ---p 00000000 00:00 0 
7f4b37d17000-7f4b37d26000 rw-p 00000000 00:00 0 
7f4b37d26000-7f4b37e00000 ---p 00000000 00:00 0 
7f4b37e00000-7f4b37e94000 r--p 00000000 00:1c 113794                     /usr/lib/libstdc++.so.6.0.34
7f4b37e94000-7f4b38034000 r-xp 00094000 00:1c 113794                     /usr/lib/libstdc++.so.6.0.34
7f4b38034000-7f4b380ca000 r--p 00234000 00:1c 113794                     /usr/lib/libstdc++.so.6.0.34
7f4b380ca000-7f4b380da000 r--p 002ca000 00:1c 113794                     /usr/lib/libstdc++.so.6.0.34
7f4b380da000-7f4b380db000 rw-p 002da000 00:1c 113794                     /usr/lib/libstdc++.so.6.0.34
7f4b380db000-7f4b380df000 rw-p 00000000 00:00 0 
7f4b380e8000-7f4b380ec000 r--p 00000000 00:1c 1062219                    /usr/lib/jvm/java-17-openjdk/lib/libnet.so
7f4b380ec000-7f4b380fa000 r-xp 00004000 00:1c 1062219                    /usr/lib/jvm/java-17-openjdk/lib/libnet.so
7f4b380fa000-7f4b380fe000 r--p 00012000 00:1c 1062219                    /usr/lib/jvm/java-17-openjdk/lib/libnet.so
7f4b380fe000-7f4b380ff000 r--p 00015000 00:1c 1062219                    /usr/lib/jvm/java-17-openjdk/lib/libnet.so
7f4b380ff000-7f4b38100000 rw-p 00016000 00:1c 1062219                    /usr/lib/jvm/java-17-openjdk/lib/libnet.so
7f4b38100000-7f4b38104000 ---p 00000000 00:00 0 
7f4b38104000-7f4b38200000 rw-p 00000000 00:00 0 
7f4b38200000-7f4b3820f000 r--p 00000000 00:1c 1062241                    /usr/lib/jvm/java-17-openjdk/lib/server/libjvm.so
7f4b3820f000-7f4b3903a000 r-xp 0000f000 00:1c 1062241                    /usr/lib/jvm/java-17-openjdk/lib/server/libjvm.so
7f4b3903a000-7f4b392bf000 r--p 00e3a000 00:1c 1062241                    /usr/lib/jvm/java-17-openjdk/lib/server/libjvm.so
7f4b392bf000-7f4b39378000 r--p 010bf000 00:1c 1062241                    /usr/lib/jvm/java-17-openjdk/lib/server/libjvm.so
7f4b39378000-7f4b393ad000 rw-p 01178000 00:1c 1062241                    /usr/lib/jvm/java-17-openjdk/lib/server/libjvm.so
7f4b393ad000-7f4b39408000 rw-p 00000000 00:00 0 
7f4b39409000-7f4b39410000 r--s 00000000 00:1c 113684                     /usr/lib/gconv/gconv-modules.cache
7f4b39410000-7f4b39417000 r--p 00000000 00:1c 1062220                    /usr/lib/jvm/java-17-openjdk/lib/libnio.so
7f4b39417000-7f4b39420000 r-xp 00007000 00:1c 1062220                    /usr/lib/jvm/java-17-openjdk/lib/libnio.so
7f4b39420000-7f4b39424000 r--p 00010000 00:1c 1062220                    /usr/lib/jvm/java-17-openjdk/lib/libnio.so
7f4b39424000-7f4b39425000 r--p 00014000 00:1c 1062220                    /usr/lib/jvm/java-17-openjdk/lib/libnio.so
7f4b39425000-7f4b39426000 rw-p 00015000 00:1c 1062220                    /usr/lib/jvm/java-17-openjdk/lib/libnio.so
7f4b39426000-7f4b394e8000 rw-p 00000000 00:00 0 
7f4b394e8000-7f4b394ec000 r--p 00000000 00:1c 113764                     /usr/lib/libgcc_s.so.1
7f4b394ec000-7f4b39517000 r-xp 00004000 00:1c 113764                     /usr/lib/libgcc_s.so.1
7f4b39517000-7f4b3951b000 r--p 0002f000 00:1c 113764                     /usr/lib/libgcc_s.so.1
7f4b3951b000-7f4b3951c000 r--p 00033000 00:1c 113764                     /usr/lib/libgcc_s.so.1
7f4b3951c000-7f4b3951d000 rw-p 00034000 00:1c 113764                     /usr/lib/libgcc_s.so.1
7f4b3951d000-7f4b3952c000 r--p 00000000 00:1c 112973                     /usr/lib/libm.so.6
7f4b3952c000-7f4b395b4000 r-xp 0000f000 00:1c 112973                     /usr/lib/libm.so.6
7f4b395b4000-7f4b395fe000 r--p 00097000 00:1c 112973                     /usr/lib/libm.so.6
7f4b395fe000-7f4b395ff000 r--p 000e0000 00:1c 112973                     /usr/lib/libm.so.6
7f4b395ff000-7f4b39600000 rw-p 000e1000 00:1c 112973                     /usr/lib/libm.so.6
7f4b39600000-7f4b39624000 r--p 00000000 00:1c 112963                     /usr/lib/libc.so.6
7f4b39624000-7f4b397bb000 r-xp 00024000 00:1c 112963                     /usr/lib/libc.so.6
7f4b397bb000-7f4b39834000 r--p 001bb000 00:1c 112963                     /usr/lib/libc.so.6
7f4b39834000-7f4b39838000 r--p 00233000 00:1c 112963                     /usr/lib/libc.so.6
7f4b39838000-7f4b3983a000 rw-p 00237000 00:1c 112963                     /usr/lib/libc.so.6
7f4b3983a000-7f4b39842000 rw-p 00000000 00:00 0 
7f4b39842000-7f4b3984c000 r--p 00000000 00:1c 1062205                    /usr/lib/jvm/java-17-openjdk/lib/libjava.so
7f4b3984c000-7f4b3985f000 r-xp 0000a000 00:1c 1062205                    /usr/lib/jvm/java-17-openjdk/lib/libjava.so
7f4b3985f000-7f4b39865000 r--p 0001d000 00:1c 1062205                    /usr/lib/jvm/java-17-openjdk/lib/libjava.so
7f4b39865000-7f4b39866000 r--p 00023000 00:1c 1062205                    /usr/lib/jvm/java-17-openjdk/lib/libjava.so
7f4b39866000-7f4b39867000 rw-p 00024000 00:1c 1062205                    /usr/lib/jvm/java-17-openjdk/lib/libjava.so
7f4b39867000-7f4b3986b000 rw-p 00000000 00:00 0 
7f4b39870000-7f4b39876000 rw-p 00000000 00:00 0 
7f4b39876000-7f4b3987f000 ---p 00000000 00:00 0 
7f4b3987f000-7f4b39887000 rw-s 00000000 00:34 1373635                    /tmp/hsperfdata_rafa/2802090
7f4b39887000-7f4b39888000 ---p 00000000 00:00 0 
7f4b39888000-7f4b39889000 r--p 00000000 00:00 0 
7f4b39889000-7f4b3988a000 ---p 00000000 00:00 0 
7f4b3988a000-7f4b3988b000 r--p 00000000 00:1c 1062209                    /usr/lib/jvm/java-17-openjdk/lib/libjimage.so
7f4b3988b000-7f4b3988e000 r-xp 00001000 00:1c 1062209                    /usr/lib/jvm/java-17-openjdk/lib/libjimage.so
7f4b3988e000-7f4b3988f000 r--p 00004000 00:1c 1062209                    /usr/lib/jvm/java-17-openjdk/lib/libjimage.so
7f4b3988f000-7f4b39890000 r--p 00005000 00:1c 1062209                    /usr/lib/jvm/java-17-openjdk/lib/libjimage.so
7f4b39890000-7f4b39891000 rw-p 00006000 00:1c 1062209                    /usr/lib/jvm/java-17-openjdk/lib/libjimage.so
7f4b39891000-7f4b39893000 r--p 00000000 00:1c 1062210                    /usr/lib/jvm/java-17-openjdk/lib/libjli.so
7f4b39893000-7f4b398a4000 r-xp 00002000 00:1c 1062210                    /usr/lib/jvm/java-17-openjdk/lib/libjli.so
7f4b398a4000-7f4b398ab000 r--p 00013000 00:1c 1062210                    /usr/lib/jvm/java-17-openjdk/lib/libjli.so
7f4b398ab000-7f4b398ac000 r--p 00019000 00:1c 1062210                    /usr/lib/jvm/java-17-openjdk/lib/libjli.so
7f4b398ac000-7f4b398ad000 rw-p 0001a000 00:1c 1062210                    /usr/lib/jvm/java-17-openjdk/lib/libjli.so
7f4b398ad000-7f4b398af000 rw-p 00000000 00:00 0 
7f4b398af000-7f4b398b3000 r--p 00000000 00:00 0                          [vvar]
7f4b398b3000-7f4b398b5000 r--p 00000000 00:00 0                          [vvar_vclock]
7f4b398b5000-7f4b398b7000 r-xp 00000000 00:00 0                          [vdso]
7f4b398b7000-7f4b398b8000 r--p 00000000 00:1c 112954                     /usr/lib/ld-linux-x86-64.so.2
7f4b398b8000-7f4b398e5000 r-xp 00001000 00:1c 112954                     /usr/lib/ld-linux-x86-64.so.2
7f4b398e5000-7f4b398f4000 r--p 0002e000 00:1c 112954                     /usr/lib/ld-linux-x86-64.so.2
7f4b398f4000-7f4b398f6000 r--p 0003d000 00:1c 112954                     /usr/lib/ld-linux-x86-64.so.2
7f4b398f6000-7f4b398f7000 rw-p 0003f000 00:1c 112954                     /usr/lib/ld-linux-x86-64.so.2
7f4b398f7000-7f4b398f8000 rw-p 00000000 00:00 0 
7ffed947d000-7ffed949f000 rw-p 00000000 00:00 0                          [stack]
ffffffffff600000-ffffffffff601000 --xp 00000000 00:00 0                  [vsyscall]


VM Arguments:
jvm_args: -Xmx16384M -XX:+UseG1GC -XX:MaxGCPauseMillis=200 
java_command: /usr/share/java/android-apktool/apktool.jar b -f -j 14 -no-crunch /home/rafa/Documents/GitHub/revanced-research/apps/tiktok/36.5.4/smali-tests/01-canonical-url/smali-working -o /home/rafa/Documents/GitHub/revanced-research/apps/tiktok/36.5.4/smali-tests/01-canonical-url/patched-tiktok-36.5.4.apk
java_class_path (initial): /usr/share/java/android-apktool/apktool.jar
Launcher Type: SUN_STANDARD

[Global flags]
     intx CICompilerCount                          = 12                                        {product} {ergonomic}
     uint ConcGCThreads                            = 3                                         {product} {ergonomic}
     uint G1ConcRefinementThreads                  = 13                                        {product} {ergonomic}
   size_t G1HeapRegionSize                         = 8388608                                   {product} {ergonomic}
    uintx GCDrainStackTargetSize                   = 64                                        {product} {ergonomic}
   size_t InitialHeapSize                          = 528482304                                 {product} {ergonomic}
   size_t MarkStackSize                            = 4194304                                   {product} {ergonomic}
    uintx MaxGCPauseMillis                         = 200                                       {product} {command line}
   size_t MaxHeapSize                              = 17179869184                               {product} {command line}
   size_t MaxNewSize                               = 10301210624                               {product} {ergonomic}
   size_t MinHeapDeltaBytes                        = 8388608                                   {product} {ergonomic}
   size_t MinHeapSize                              = 8388608                                   {product} {ergonomic}
    uintx NonNMethodCodeHeapSize                   = 7602480                                {pd product} {ergonomic}
    uintx NonProfiledCodeHeapSize                  = 122027880                              {pd product} {ergonomic}
    uintx ProfiledCodeHeapSize                     = 122027880                              {pd product} {ergonomic}
    uintx ReservedCodeCacheSize                    = 251658240                              {pd product} {ergonomic}
     bool SegmentedCodeCache                       = true                                      {product} {ergonomic}
   size_t SoftMaxHeapSize                          = 17179869184                            {manageable} {ergonomic}
     bool UseCompressedClassPointers               = true                           {product lp64_product} {ergonomic}
     bool UseCompressedOops                        = true                           {product lp64_product} {ergonomic}
     bool UseG1GC                                  = true                                      {product} {command line}

Logging:
Log output configuration:
 #0: stdout all=warning uptime,level,tags
 #1: stderr all=off uptime,level,tags

Environment Variables:
PATH=/home/rafa/.local/share/zinit/polaris/bin:/home/rafa/.local/bin:/home/rafa/.local/bin:/home/rafa/.local/lib/hyde::/home/rafa/.local/bin:/home/rafa/.local/bin:/usr/local/sbin:/usr/local/bin:/usr/bin:/opt/android-sdk/platform-tools:/home/rafa/.local/share/flatpak/exports/bin:/usr/lib/jvm/default/bin:/usr/bin/site_perl:/usr/bin/vendor_perl:/usr/bin/core_perl:/opt/rocm/bin
XDG_CACHE_HOME=/home/rafa/.cache
XDG_CONFIG_HOME=/home/rafa/.config
SHELL=/usr/bin/zsh
DISPLAY=:1
LANG=en_US.UTF-8
LC_NUMERIC=es_ES.UTF-8
LC_TIME=es_ES.UTF-8
TERM=xterm-kitty

Active Locale:
LC_ALL=LC_CTYPE=en_US.UTF-8;LC_NUMERIC=es_ES.UTF-8;LC_TIME=es_ES.UTF-8;LC_COLLATE=en_US.UTF-8;LC_MONETARY=es_ES.UTF-8;LC_MESSAGES=en_US.UTF-8;LC_PAPER=es_ES.UTF-8;LC_NAME=es_ES.UTF-8;LC_ADDRESS=es_ES.UTF-8;LC_TELEPHONE=es_ES.UTF-8;LC_MEASUREMENT=es_ES.UTF-8;LC_IDENTIFICATION=es_ES.UTF-8
LC_COLLATE=en_US.UTF-8
LC_CTYPE=en_US.UTF-8
LC_MESSAGES=en_US.UTF-8
LC_MONETARY=es_ES.UTF-8
LC_NUMERIC=es_ES.UTF-8
LC_TIME=es_ES.UTF-8

Signal Handlers:
   SIGSEGV: 0x00007f4b38faf610 in libjvm.so+14349840, mask=11100100010111111101111111111110, flags=SA_RESTART|SA_SIGINFO, unblocked
    SIGBUS: 0x00007f4b38faf610 in libjvm.so+14349840, mask=11100100010111111101111111111110, flags=SA_RESTART|SA_SIGINFO, unblocked
    SIGFPE: 0x00007f4b38faf610 in libjvm.so+14349840, mask=11100100010111111101111111111110, flags=SA_RESTART|SA_SIGINFO, unblocked
   SIGPIPE: 0x00007f4b38e30340 in libjvm.so+12780352, mask=11100100010111111101111111111110, flags=SA_RESTART|SA_SIGINFO, blocked
   SIGXFSZ: 0x00007f4b38e30340 in libjvm.so+12780352, mask=11100100010111111101111111111110, flags=SA_RESTART|SA_SIGINFO, blocked
    SIGILL: 0x00007f4b38faf610 in libjvm.so+14349840, mask=11100100010111111101111111111110, flags=SA_RESTART|SA_SIGINFO, unblocked
   SIGUSR2: 0x00007f4b38e2f8b0 in libjvm.so+12777648, mask=00000000000000000000000000000000, flags=SA_RESTART|SA_SIGINFO, blocked
    SIGHUP: 0x00007f4b38e2f7b0 in libjvm.so+12777392, mask=11100100010111111101111111111110, flags=SA_RESTART|SA_SIGINFO, blocked
    SIGINT: 0x00007f4b38e2f7b0 in libjvm.so+12777392, mask=11100100010111111101111111111110, flags=SA_RESTART|SA_SIGINFO, blocked
   SIGTERM: 0x00007f4b38e2f7b0 in libjvm.so+12777392, mask=11100100010111111101111111111110, flags=SA_RESTART|SA_SIGINFO, blocked
   SIGQUIT: 0x00007f4b38e2f7b0 in libjvm.so+12777392, mask=11100100010111111101111111111110, flags=SA_RESTART|SA_SIGINFO, blocked
   SIGTRAP: 0x00007f4b38faf610 in libjvm.so+14349840, mask=11100100010111111101111111111110, flags=SA_RESTART|SA_SIGINFO, unblocked


Periodic native trim disabled


---------------  S Y S T E M  ---------------

OS:
DISTRIB_ID=cachyos
DISTRIB_RELEASE="rolling"
DISTRIB_DESCRIPTION="CachyOS"
uname: Linux 6.17.1-2-cachyos #1 SMP PREEMPT_DYNAMIC Mon, 06 Oct 2025 23:26:58 +0000 x86_64
OS uptime: 2 days 8:33 hours
libc: glibc 2.42 NPTL 2.42 
rlimit (soft/hard): STACK 8192k/infinity , CORE infinity/infinity , NPROC 127531/127531 , NOFILE 1048576/1048576 , AS infinity/infinity , CPU infinity/infinity , DATA infinity/infinity , FSIZE infinity/infinity , MEMLOCK 8192k/8192k
load average: 8,88 3,06 1,75

/proc/meminfo:
MemTotal:       32781540 kB
MemFree:         5512312 kB
MemAvailable:   10403412 kB
Buffers:               8 kB
Cached:          3015536 kB
SwapCached:        11660 kB
Active:         10433300 kB
Inactive:        8325228 kB
Active(anon):   10088696 kB
Inactive(anon):  4967672 kB
Active(file):     344604 kB
Inactive(file):  3357556 kB
Unevictable:         136 kB
Mlocked:             136 kB
SwapTotal:      32781308 kB
SwapFree:       21057004 kB
Zswap:                 0 kB
Zswapped:              0 kB
Dirty:             26544 kB
Writeback:             0 kB
AnonPages:      15727312 kB
Mapped:           550852 kB
Shmem:             49288 kB
KReclaimable:    1654384 kB
Slab:            2367960 kB
SReclaimable:    1654384 kB
SUnreclaim:       713576 kB
KernelStack:       36368 kB
PageTables:       170216 kB
SecPageTables:      4556 kB
NFS_Unstable:          0 kB
Bounce:                0 kB
WritebackTmp:          0 kB
CommitLimit:    49172076 kB
Committed_AS:   49839084 kB
VmallocTotal:   34359738367 kB
VmallocUsed:      311844 kB
VmallocChunk:          0 kB
Percpu:            16512 kB
HardwareCorrupted:     0 kB
AnonHugePages:    739328 kB
ShmemHugePages:        0 kB
ShmemPmdMapped:        0 kB
FileHugePages:     57344 kB
FilePmdMapped:     57344 kB
CmaTotal:              0 kB
CmaFree:               0 kB
Unaccepted:            0 kB
Balloon:               0 kB
HugePages_Total:       0
HugePages_Free:        0
HugePages_Rsvd:        0
HugePages_Surp:        0
Hugepagesize:       2048 kB
Hugetlb:               0 kB
DirectMap4k:    12273600 kB
DirectMap2M:    21204992 kB
DirectMap1G:           0 kB

/sys/kernel/mm/transparent_hugepage/enabled: [always] madvise never
/sys/kernel/mm/transparent_hugepage/hpage_pmd_size: 2097152
/sys/kernel/mm/transparent_hugepage/defrag (defrag/compaction efforts parameter): always defer [defer+madvise] madvise never

Process Memory:
Virtual Size: 23127796K (peak: 23134784K)
Resident Set Size: 12242976K (peak: 12242976K) (anon: 12217376K, file: 25568K, shmem: 32K)
Swapped out: 445448K
C-Heap outstanding allocations: 63216K, retained: 149751K
glibc malloc tunables: (default)

/proc/sys/kernel/threads-max (system-wide limit on the number of threads): 255062
/proc/sys/vm/max_map_count (maximum number of memory map areas a process may have): 1048576
/proc/sys/vm/swappiness (control to define how aggressively the kernel swaps out anonymous memory): 150
/proc/sys/kernel/pid_max (system-wide limit on number of process identifiers): 4194304

container information not found.
Steal ticks since vm start: 0
Steal ticks percentage since vm start:  0,000

CPU: total 16 (initial active 16) (16 cores per cpu, 2 threads per core) family 25 model 33 stepping 2 microcode 0xa201211, cx8, cmov, fxsr, ht, mmx, 3dnowpref, sse, sse2, sse3, ssse3, sse4a, sse4.1, sse4.2, popcnt, lzcnt, tsc, tscinvbit, avx, avx2, aes, erms, clmul, bmi1, bmi2, adx, sha, fma, vzeroupper, clflush, clflushopt
CPU Model and flags from /proc/cpuinfo:
model name	: AMD Ryzen 7 5700X3D 8-Core Processor
flags		: fpu vme de pse tsc msr pae mce cx8 apic sep mtrr pge mca cmov pat pse36 clflush mmx fxsr sse sse2 ht syscall nx mmxext fxsr_opt pdpe1gb rdtscp lm constant_tsc rep_good nopl xtopology nonstop_tsc cpuid extd_apicid aperfmperf rapl pni pclmulqdq monitor ssse3 fma cx16 sse4_1 sse4_2 x2apic movbe popcnt aes xsave avx f16c rdrand lahf_lm cmp_legacy svm extapic cr8_legacy abm sse4a misalignsse 3dnowprefetch osvw ibs skinit wdt tce topoext perfctr_core perfctr_nb bpext perfctr_llc mwaitx cpb cat_l3 cdp_l3 hw_pstate ssbd mba ibrs ibpb stibp vmmcall fsgsbase bmi1 avx2 smep bmi2 erms invpcid cqm rdt_a rdseed adx smap clflushopt clwb sha_ni xsaveopt xsavec xgetbv1 xsaves cqm_llc cqm_occup_llc cqm_mbm_total cqm_mbm_local user_shstk clzero irperf xsaveerptr rdpru wbnoinvd arat npt lbrv svm_lock nrip_save tsc_scale vmcb_clean flushbyasid decodeassists pausefilter pfthreshold avic v_vmsave_vmload vgif v_spec_ctrl umip pku ospke vaes vpclmulqdq rdpid overflow_recov succor smca fsrm debug_swap

Online cpus: 0-15
Offline cpus: 
BIOS frequency limitation: <Not Available>
Frequency switch latency (ns): 0
Available cpu frequencies: <Not Available>
Current governor: performance
Core performance/turbo boost: 1

Memory: 4k page, physical 32781540k(5510856k free), swap 32781308k(21060148k free)
Page Sizes: 4k

vm_info: OpenJDK 64-Bit Server VM (17.0.16+8) for linux-amd64 JRE (17.0.16+8), built on Jul 16 2025 17:21:40 by "" with gcc 15.1.1 20250425

END.
